Serial Number,Product Number,Nickname
rwRJfwwYYR9pRq,26b5WT2k,Test
rwRJfwwYYR9pRq,26b5WT2k,Test
rwRJfwwYYR9pRq,26b5WT2k,Test
rwRJfwwYYR9pRq,26b5WT2k,Test
rwRJfwwYYR9pRq,26b5WT2k,Test
rwRJfwwYYR9pRq,26b5WT2k,Test
rwRJfwwYYR9pRq,26b5WT2k,Test
rwRJfwwYYR9pRq,26b5WT2k,Test
rwRJfwwYYR9pRq,26b5WT2k,Test
rwRJfwwYYR9pRq,26b5WT2k,Test
rwRJfwwYYR9pRq,26b5WT2k,Test
rwRJfwwYYR9pRq,26b5WT2k,Test
rwRJfwwYYR9pRq,26b5WT2k,Test
rwRJfwwYYR9pRq,26b5WT2k,Test
rwRJfwwYYR9pRq,26b5WT2k,Test
rwRJfwwYYR9pRq,26b5WT2k,Test
rwRJfwwYYR9pRq,26b5WT2k,Test
rwRJfwwYYR9pRq,26b5WT2k,Test
rwRJfwwYYR9pRq,26b5WT2k,Test
rwRJfwwYYR9pRq,26b5WT2k,Test
rwRJfwwYYR9pRq,26b5WT2k,Test
rwRJfwwYYR9pRq,26b5WT2k,Test
rwRJfwwYYR9pRq,26b5WT2k,Test
rwRJfwwYYR9pRq,26b5WT2k,Test
rwRJfwwYYR9pRq,26b5WT2k,Test
rwRJfwwYYR9pRq,26b5WT2k,Test
rwRJfwwYYR9pRq,26b5WT2k,Test
rwRJfwwYYR9pRq,26b5WT2k,Test
rwRJfwwYYR9pRq,26b5WT2k,Test
rwRJfwwYYR9pRq,26b5WT2k,Test
rwRJfwwYYR9pRq,26b5WT2k,Test
rwRJfwwYYR9pRq,26b5WT2k,Test
rwRJfwwYYR9pRq,26b5WT2k,Test
rwRJfwwYYR9pRq,26b5WT2k,Test
rwRJfwwYYR9pRq,26b5WT2k,Test
rwRJfwwYYR9pRq,26b5WT2k,Test
rwRJfwwYYR9pRq,26b5WT2k,Test
rwRJfwwYYR9pRq,26b5WT2k,Test
rwRJfwwYYR9pRq,26b5WT2k,Test
rwRJfwwYYR9pRq,26b5WT2k,Test
rwRJfwwYYR9pRq,26b5WT2k,Test
rwRJfwwYYR9pRq,26b5WT2k,Test
rwRJfwwYYR9pRq,26b5WT2k,Test
rwRJfwwYYR9pRq,26b5WT2k,Test
rwRJfwwYYR9pRq,26b5WT2k,Test
rwRJfwwYYR9pRq,26b5WT2k,Test
rwRJfwwYYR9pRq,26b5WT2k,Test
rwRJfwwYYR9pRq,26b5WT2k,Test
rwRJfwwYYR9pRq,26b5WT2k,Test
rwRJfwwYYR9pRq,26b5WT2k,Test
rwRJfwwYYR9pRq,26b5WT2k,Test
rwRJfwwYYR9pRq,26b5WT2k,Test
rwRJfwwYYR9pRq,26b5WT2k,Test
rwRJfwwYYR9pRq,26b5WT2k,Test
rwRJfwwYYR9pRq,26b5WT2k,Test
rwRJfwwYYR9pRq,26b5WT2k,Test
rwRJfwwYYR9pRq,26b5WT2k,Test
rwRJfwwYYR9pRq,26b5WT2k,Test
rwRJfwwYYR9pRq,26b5WT2k,Test
rwRJfwwYYR9pRq,26b5WT2k,Test
rwRJfwwYYR9pRq,26b5WT2k,Test
rwRJfwwYYR9pRq,26b5WT2k,Test
rwRJfwwYYR9pRq,26b5WT2k,Test
rwRJfwwYYR9pRq,26b5WT2k,Test
rwRJfwwYYR9pRq,26b5WT2k,Test
rwRJfwwYYR9pRq,26b5WT2k,Test
rwRJfwwYYR9pRq,26b5WT2k,Test
rwRJfwwYYR9pRq,26b5WT2k,Test
rwRJfwwYYR9pRq,26b5WT2k,Test
rwRJfwwYYR9pRq,26b5WT2k,Test
rwRJfwwYYR9pRq,26b5WT2k,Test
rwRJfwwYYR9pRq,26b5WT2k,Test
rwRJfwwYYR9pRq,26b5WT2k,Test
rwRJfwwYYR9pRq,26b5WT2k,Test
rwRJfwwYYR9pRq,26b5WT2k,Test
rwRJfwwYYR9pRq,26b5WT2k,Test
rwRJfwwYYR9pRq,26b5WT2k,Test
rwRJfwwYYR9pRq,26b5WT2k,Test
rwRJfwwYYR9pRq,26b5WT2k,Test
rwRJfwwYYR9pRq,26b5WT2k,Test
rwRJfwwYYR9pRq,26b5WT2k,Test
rwRJfwwYYR9pRq,26b5WT2k,Test
rwRJfwwYYR9pRq,26b5WT2k,Test
rwRJfwwYYR9pRq,26b5WT2k,Test
rwRJfwwYYR9pRq,26b5WT2k,Test
rwRJfwwYYR9pRq,26b5WT2k,Test
rwRJfwwYYR9pRq,26b5WT2k,Test
rwRJfwwYYR9pRq,26b5WT2k,Test
rwRJfwwYYR9pRq,26b5WT2k,Test
rwRJfwwYYR9pRq,26b5WT2k,Test
rwRJfwwYYR9pRq,26b5WT2k,Test
rwRJfwwYYR9pRq,26b5WT2k,Test
rwRJfwwYYR9pRq,26b5WT2k,Test
rwRJfwwYYR9pRq,26b5WT2k,Test
rwRJfwwYYR9pRq,26b5WT2k,Test
rwRJfwwYYR9pRq,26b5WT2k,Test
rwRJfwwYYR9pRq,26b5WT2k,Test
rwRJfwwYYR9pRq,26b5WT2k,Test
rwRJfwwYYR9pRq,26b5WT2k,Test
rwRJfwwYYR9pRq,26b5WT2k,Test
rwRJfwwYYR9pRq,26b5WT2k,Test
rwRJfwwYYR9pRq,26b5WT2k,Test
rwRJfwwYYR9pRq,26b5WT2k,Test
rwRJfwwYYR9pRq,26b5WT2k,Test
rwRJfwwYYR9pRq,26b5WT2k,Test
rwRJfwwYYR9pRq,26b5WT2k,Test
rwRJfwwYYR9pRq,26b5WT2k,Test
rwRJfwwYYR9pRq,26b5WT2k,Test
rwRJfwwYYR9pRq,26b5WT2k,Test
rwRJfwwYYR9pRq,26b5WT2k,Test
rwRJfwwYYR9pRq,26b5WT2k,Test
rwRJfwwYYR9pRq,26b5WT2k,Test
rwRJfwwYYR9pRq,26b5WT2k,Test
rwRJfwwYYR9pRq,26b5WT2k,Test
rwRJfwwYYR9pRq,26b5WT2k,Test
rwRJfwwYYR9pRq,26b5WT2k,Test
rwRJfwwYYR9pRq,26b5WT2k,Test
rwRJfwwYYR9pRq,26b5WT2k,Test
rwRJfwwYYR9pRq,26b5WT2k,Test
rwRJfwwYYR9pRq,26b5WT2k,Test
rwRJfwwYYR9pRq,26b5WT2k,Test
rwRJfwwYYR9pRq,26b5WT2k,Test
rwRJfwwYYR9pRq,26b5WT2k,Test
rwRJfwwYYR9pRq,26b5WT2k,Test
rwRJfwwYYR9pRq,26b5WT2k,Test
rwRJfwwYYR9pRq,26b5WT2k,Test
rwRJfwwYYR9pRq,26b5WT2k,Test
rwRJfwwYYR9pRq,26b5WT2k,Test
rwRJfwwYYR9pRq,26b5WT2k,Test
rwRJfwwYYR9pRq,26b5WT2k,Test
rwRJfwwYYR9pRq,26b5WT2k,Test
rwRJfwwYYR9pRq,26b5WT2k,Test
rwRJfwwYYR9pRq,26b5WT2k,Test
rwRJfwwYYR9pRq,26b5WT2k,Test
rwRJfwwYYR9pRq,26b5WT2k,Test
rwRJfwwYYR9pRq,26b5WT2k,Test
rwRJfwwYYR9pRq,26b5WT2k,Test
rwRJfwwYYR9pRq,26b5WT2k,Test
rwRJfwwYYR9pRq,26b5WT2k,Test
rwRJfwwYYR9pRq,26b5WT2k,Test
rwRJfwwYYR9pRq,26b5WT2k,Test
rwRJfwwYYR9pRq,26b5WT2k,Test
rwRJfwwYYR9pRq,26b5WT2k,Test
rwRJfwwYYR9pRq,26b5WT2k,Test
rwRJfwwYYR9pRq,26b5WT2k,Test
rwRJfwwYYR9pRq,26b5WT2k,Test
rwRJfwwYYR9pRq,26b5WT2k,Test
rwRJfwwYYR9pRq,26b5WT2k,Test
rwRJfwwYYR9pRq,26b5WT2k,Test
rwRJfwwYYR9pRq,26b5WT2k,Test
rwRJfwwYYR9pRq,26b5WT2k,Test
rwRJfwwYYR9pRq,26b5WT2k,Test
rwRJfwwYYR9pRq,26b5WT2k,Test
rwRJfwwYYR9pRq,26b5WT2k,Test
rwRJfwwYYR9pRq,26b5WT2k,Test
rwRJfwwYYR9pRq,26b5WT2k,Test
rwRJfwwYYR9pRq,26b5WT2k,Test
rwRJfwwYYR9pRq,26b5WT2k,Test
rwRJfwwYYR9pRq,26b5WT2k,Test
rwRJfwwYYR9pRq,26b5WT2k,Test
rwRJfwwYYR9pRq,26b5WT2k,Test
rwRJfwwYYR9pRq,26b5WT2k,Test
rwRJfwwYYR9pRq,26b5WT2k,Test
rwRJfwwYYR9pRq,26b5WT2k,Test
rwRJfwwYYR9pRq,26b5WT2k,Test
rwRJfwwYYR9pRq,26b5WT2k,Test
rwRJfwwYYR9pRq,26b5WT2k,Test
rwRJfwwYYR9pRq,26b5WT2k,Test
rwRJfwwYYR9pRq,26b5WT2k,Test
rwRJfwwYYR9pRq,26b5WT2k,Test
rwRJfwwYYR9pRq,26b5WT2k,Test
rwRJfwwYYR9pRq,26b5WT2k,Test
rwRJfwwYYR9pRq,26b5WT2k,Test
rwRJfwwYYR9pRq,26b5WT2k,Test
rwRJfwwYYR9pRq,26b5WT2k,Test
rwRJfwwYYR9pRq,26b5WT2k,Test
rwRJfwwYYR9pRq,26b5WT2k,Test
rwRJfwwYYR9pRq,26b5WT2k,Test
rwRJfwwYYR9pRq,26b5WT2k,Test
rwRJfwwYYR9pRq,26b5WT2k,Test
rwRJfwwYYR9pRq,26b5WT2k,Test
rwRJfwwYYR9pRq,26b5WT2k,Test
rwRJfwwYYR9pRq,26b5WT2k,Test
rwRJfwwYYR9pRq,26b5WT2k,Test
rwRJfwwYYR9pRq,26b5WT2k,Test
rwRJfwwYYR9pRq,26b5WT2k,Test
rwRJfwwYYR9pRq,26b5WT2k,Test
rwRJfwwYYR9pRq,26b5WT2k,Test
rwRJfwwYYR9pRq,26b5WT2k,Test
rwRJfwwYYR9pRq,26b5WT2k,Test
rwRJfwwYYR9pRq,26b5WT2k,Test
rwRJfwwYYR9pRq,26b5WT2k,Test
rwRJfwwYYR9pRq,26b5WT2k,Test
rwRJfwwYYR9pRq,26b5WT2k,Test
rwRJfwwYYR9pRq,26b5WT2k,Test
rwRJfwwYYR9pRq,26b5WT2k,Test
rwRJfwwYYR9pRq,26b5WT2k,Test
rwRJfwwYYR9pRq,26b5WT2k,Test
rwRJfwwYYR9pRq,26b5WT2k,Test
rwRJfwwYYR9pRq,26b5WT2k,Test
rwRJfwwYYR9pRq,26b5WT2k,Test
rwRJfwwYYR9pRq,26b5WT2k,Test
rwRJfwwYYR9pRq,26b5WT2k,Test
rwRJfwwYYR9pRq,26b5WT2k,Test
rwRJfwwYYR9pRq,26b5WT2k,Test
rwRJfwwYYR9pRq,26b5WT2k,Test
rwRJfwwYYR9pRq,26b5WT2k,Test
rwRJfwwYYR9pRq,26b5WT2k,Test
rwRJfwwYYR9pRq,26b5WT2k,Test
rwRJfwwYYR9pRq,26b5WT2k,Test
rwRJfwwYYR9pRq,26b5WT2k,Test
rwRJfwwYYR9pRq,26b5WT2k,Test
rwRJfwwYYR9pRq,26b5WT2k,Test
rwRJfwwYYR9pRq,26b5WT2k,Test
rwRJfwwYYR9pRq,26b5WT2k,Test
rwRJfwwYYR9pRq,26b5WT2k,Test
rwRJfwwYYR9pRq,26b5WT2k,Test
rwRJfwwYYR9pRq,26b5WT2k,Test
rwRJfwwYYR9pRq,26b5WT2k,Test
rwRJfwwYYR9pRq,26b5WT2k,Test
rwRJfwwYYR9pRq,26b5WT2k,Test
rwRJfwwYYR9pRq,26b5WT2k,Test
rwRJfwwYYR9pRq,26b5WT2k,Test
rwRJfwwYYR9pRq,26b5WT2k,Test
rwRJfwwYYR9pRq,26b5WT2k,Test
rwRJfwwYYR9pRq,26b5WT2k,Test
rwRJfwwYYR9pRq,26b5WT2k,Test
rwRJfwwYYR9pRq,26b5WT2k,Test
rwRJfwwYYR9pRq,26b5WT2k,Test
rwRJfwwYYR9pRq,26b5WT2k,Test
rwRJfwwYYR9pRq,26b5WT2k,Test
rwRJfwwYYR9pRq,26b5WT2k,Test
rwRJfwwYYR9pRq,26b5WT2k,Test
rwRJfwwYYR9pRq,26b5WT2k,Test
rwRJfwwYYR9pRq,26b5WT2k,Test
rwRJfwwYYR9pRq,26b5WT2k,Test
rwRJfwwYYR9pRq,26b5WT2k,Test
rwRJfwwYYR9pRq,26b5WT2k,Test
rwRJfwwYYR9pRq,26b5WT2k,Test
rwRJfwwYYR9pRq,26b5WT2k,Test
rwRJfwwYYR9pRq,26b5WT2k,Test
rwRJfwwYYR9pRq,26b5WT2k,Test
rwRJfwwYYR9pRq,26b5WT2k,Test
rwRJfwwYYR9pRq,26b5WT2k,Test
rwRJfwwYYR9pRq,26b5WT2k,Test
rwRJfwwYYR9pRq,26b5WT2k,Test
rwRJfwwYYR9pRq,26b5WT2k,Test
rwRJfwwYYR9pRq,26b5WT2k,Test
rwRJfwwYYR9pRq,26b5WT2k,Test
rwRJfwwYYR9pRq,26b5WT2k,Test
rwRJfwwYYR9pRq,26b5WT2k,Test
rwRJfwwYYR9pRq,26b5WT2k,Test
rwRJfwwYYR9pRq,26b5WT2k,Test
rwRJfwwYYR9pRq,26b5WT2k,Test
rwRJfwwYYR9pRq,26b5WT2k,Test
rwRJfwwYYR9pRq,26b5WT2k,Test
rwRJfwwYYR9pRq,26b5WT2k,Test
rwRJfwwYYR9pRq,26b5WT2k,Test
rwRJfwwYYR9pRq,26b5WT2k,Test
rwRJfwwYYR9pRq,26b5WT2k,Test
rwRJfwwYYR9pRq,26b5WT2k,Test
rwRJfwwYYR9pRq,26b5WT2k,Test
rwRJfwwYYR9pRq,26b5WT2k,Test
rwRJfwwYYR9pRq,26b5WT2k,Test
rwRJfwwYYR9pRq,26b5WT2k,Test
rwRJfwwYYR9pRq,26b5WT2k,Test
rwRJfwwYYR9pRq,26b5WT2k,Test
rwRJfwwYYR9pRq,26b5WT2k,Test
rwRJfwwYYR9pRq,26b5WT2k,Test
rwRJfwwYYR9pRq,26b5WT2k,Test
rwRJfwwYYR9pRq,26b5WT2k,Test
rwRJfwwYYR9pRq,26b5WT2k,Test
rwRJfwwYYR9pRq,26b5WT2k,Test
rwRJfwwYYR9pRq,26b5WT2k,Test
rwRJfwwYYR9pRq,26b5WT2k,Test
rwRJfwwYYR9pRq,26b5WT2k,Test
rwRJfwwYYR9pRq,26b5WT2k,Test
rwRJfwwYYR9pRq,26b5WT2k,Test
rwRJfwwYYR9pRq,26b5WT2k,Test
rwRJfwwYYR9pRq,26b5WT2k,Test
rwRJfwwYYR9pRq,26b5WT2k,Test
rwRJfwwYYR9pRq,26b5WT2k,Test
rwRJfwwYYR9pRq,26b5WT2k,Test
rwRJfwwYYR9pRq,26b5WT2k,Test
rwRJfwwYYR9pRq,26b5WT2k,Test
rwRJfwwYYR9pRq,26b5WT2k,Test
rwRJfwwYYR9pRq,26b5WT2k,Test
rwRJfwwYYR9pRq,26b5WT2k,Test
rwRJfwwYYR9pRq,26b5WT2k,Test
rwRJfwwYYR9pRq,26b5WT2k,Test
rwRJfwwYYR9pRq,26b5WT2k,Test
rwRJfwwYYR9pRq,26b5WT2k,Test
rwRJfwwYYR9pRq,26b5WT2k,Test
rwRJfwwYYR9pRq,26b5WT2k,Test
rwRJfwwYYR9pRq,26b5WT2k,Test
rwRJfwwYYR9pRq,26b5WT2k,Test
rwRJfwwYYR9pRq,26b5WT2k,Test
rwRJfwwYYR9pRq,26b5WT2k,Test
rwRJfwwYYR9pRq,26b5WT2k,Test
rwRJfwwYYR9pRq,26b5WT2k,Test
rwRJfwwYYR9pRq,26b5WT2k,Test
rwRJfwwYYR9pRq,26b5WT2k,Test
rwRJfwwYYR9pRq,26b5WT2k,Test
rwRJfwwYYR9pRq,26b5WT2k,Test
rwRJfwwYYR9pRq,26b5WT2k,Test
rwRJfwwYYR9pRq,26b5WT2k,Test
rwRJfwwYYR9pRq,26b5WT2k,Test
rwRJfwwYYR9pRq,26b5WT2k,Test
rwRJfwwYYR9pRq,26b5WT2k,Test
rwRJfwwYYR9pRq,26b5WT2k,Test
rwRJfwwYYR9pRq,26b5WT2k,Test
rwRJfwwYYR9pRq,26b5WT2k,Test
rwRJfwwYYR9pRq,26b5WT2k,Test
rwRJfwwYYR9pRq,26b5WT2k,Test
rwRJfwwYYR9pRq,26b5WT2k,Test
rwRJfwwYYR9pRq,26b5WT2k,Test
rwRJfwwYYR9pRq,26b5WT2k,Test
rwRJfwwYYR9pRq,26b5WT2k,Test
rwRJfwwYYR9pRq,26b5WT2k,Test
rwRJfwwYYR9pRq,26b5WT2k,Test
rwRJfwwYYR9pRq,26b5WT2k,Test
rwRJfwwYYR9pRq,26b5WT2k,Test
rwRJfwwYYR9pRq,26b5WT2k,Test
rwRJfwwYYR9pRq,26b5WT2k,Test
rwRJfwwYYR9pRq,26b5WT2k,Test
rwRJfwwYYR9pRq,26b5WT2k,Test
rwRJfwwYYR9pRq,26b5WT2k,Test
rwRJfwwYYR9pRq,26b5WT2k,Test
rwRJfwwYYR9pRq,26b5WT2k,Test
rwRJfwwYYR9pRq,26b5WT2k,Test
rwRJfwwYYR9pRq,26b5WT2k,Test
rwRJfwwYYR9pRq,26b5WT2k,Test
rwRJfwwYYR9pRq,26b5WT2k,Test
rwRJfwwYYR9pRq,26b5WT2k,Test
rwRJfwwYYR9pRq,26b5WT2k,Test
rwRJfwwYYR9pRq,26b5WT2k,Test
rwRJfwwYYR9pRq,26b5WT2k,Test
rwRJfwwYYR9pRq,26b5WT2k,Test
rwRJfwwYYR9pRq,26b5WT2k,Test
rwRJfwwYYR9pRq,26b5WT2k,Test
rwRJfwwYYR9pRq,26b5WT2k,Test
rwRJfwwYYR9pRq,26b5WT2k,Test
rwRJfwwYYR9pRq,26b5WT2k,Test
rwRJfwwYYR9pRq,26b5WT2k,Test
rwRJfwwYYR9pRq,26b5WT2k,Test
rwRJfwwYYR9pRq,26b5WT2k,Test
rwRJfwwYYR9pRq,26b5WT2k,Test
rwRJfwwYYR9pRq,26b5WT2k,Test
rwRJfwwYYR9pRq,26b5WT2k,Test
rwRJfwwYYR9pRq,26b5WT2k,Test
rwRJfwwYYR9pRq,26b5WT2k,Test
rwRJfwwYYR9pRq,26b5WT2k,Test
rwRJfwwYYR9pRq,26b5WT2k,Test
rwRJfwwYYR9pRq,26b5WT2k,Test
rwRJfwwYYR9pRq,26b5WT2k,Test
rwRJfwwYYR9pRq,26b5WT2k,Test
rwRJfwwYYR9pRq,26b5WT2k,Test
rwRJfwwYYR9pRq,26b5WT2k,Test
rwRJfwwYYR9pRq,26b5WT2k,Test
rwRJfwwYYR9pRq,26b5WT2k,Test
rwRJfwwYYR9pRq,26b5WT2k,Test
rwRJfwwYYR9pRq,26b5WT2k,Test
rwRJfwwYYR9pRq,26b5WT2k,Test
rwRJfwwYYR9pRq,26b5WT2k,Test
rwRJfwwYYR9pRq,26b5WT2k,Test
rwRJfwwYYR9pRq,26b5WT2k,Test
rwRJfwwYYR9pRq,26b5WT2k,Test
rwRJfwwYYR9pRq,26b5WT2k,Test
rwRJfwwYYR9pRq,26b5WT2k,Test
rwRJfwwYYR9pRq,26b5WT2k,Test
rwRJfwwYYR9pRq,26b5WT2k,Test
rwRJfwwYYR9pRq,26b5WT2k,Test
rwRJfwwYYR9pRq,26b5WT2k,Test
rwRJfwwYYR9pRq,26b5WT2k,Test
rwRJfwwYYR9pRq,26b5WT2k,Test
rwRJfwwYYR9pRq,26b5WT2k,Test
rwRJfwwYYR9pRq,26b5WT2k,Test
rwRJfwwYYR9pRq,26b5WT2k,Test
rwRJfwwYYR9pRq,26b5WT2k,Test
rwRJfwwYYR9pRq,26b5WT2k,Test
rwRJfwwYYR9pRq,26b5WT2k,Test
rwRJfwwYYR9pRq,26b5WT2k,Test
rwRJfwwYYR9pRq,26b5WT2k,Test
rwRJfwwYYR9pRq,26b5WT2k,Test
rwRJfwwYYR9pRq,26b5WT2k,Test
rwRJfwwYYR9pRq,26b5WT2k,Test
rwRJfwwYYR9pRq,26b5WT2k,Test
rwRJfwwYYR9pRq,26b5WT2k,Test
rwRJfwwYYR9pRq,26b5WT2k,Test
rwRJfwwYYR9pRq,26b5WT2k,Test
rwRJfwwYYR9pRq,26b5WT2k,Test
rwRJfwwYYR9pRq,26b5WT2k,Test
rwRJfwwYYR9pRq,26b5WT2k,Test
rwRJfwwYYR9pRq,26b5WT2k,Test
rwRJfwwYYR9pRq,26b5WT2k,Test
rwRJfwwYYR9pRq,26b5WT2k,Test
rwRJfwwYYR9pRq,26b5WT2k,Test
rwRJfwwYYR9pRq,26b5WT2k,Test
rwRJfwwYYR9pRq,26b5WT2k,Test
rwRJfwwYYR9pRq,26b5WT2k,Test
rwRJfwwYYR9pRq,26b5WT2k,Test
rwRJfwwYYR9pRq,26b5WT2k,Test
rwRJfwwYYR9pRq,26b5WT2k,Test
rwRJfwwYYR9pRq,26b5WT2k,Test
rwRJfwwYYR9pRq,26b5WT2k,Test
rwRJfwwYYR9pRq,26b5WT2k,Test
rwRJfwwYYR9pRq,26b5WT2k,Test
rwRJfwwYYR9pRq,26b5WT2k,Test
rwRJfwwYYR9pRq,26b5WT2k,Test
rwRJfwwYYR9pRq,26b5WT2k,Test
rwRJfwwYYR9pRq,26b5WT2k,Test
rwRJfwwYYR9pRq,26b5WT2k,Test
rwRJfwwYYR9pRq,26b5WT2k,Test
rwRJfwwYYR9pRq,26b5WT2k,Test
rwRJfwwYYR9pRq,26b5WT2k,Test
rwRJfwwYYR9pRq,26b5WT2k,Test
rwRJfwwYYR9pRq,26b5WT2k,Test
rwRJfwwYYR9pRq,26b5WT2k,Test
rwRJfwwYYR9pRq,26b5WT2k,Test
rwRJfwwYYR9pRq,26b5WT2k,Test
rwRJfwwYYR9pRq,26b5WT2k,Test
rwRJfwwYYR9pRq,26b5WT2k,Test
rwRJfwwYYR9pRq,26b5WT2k,Test
rwRJfwwYYR9pRq,26b5WT2k,Test
rwRJfwwYYR9pRq,26b5WT2k,Test
rwRJfwwYYR9pRq,26b5WT2k,Test
rwRJfwwYYR9pRq,26b5WT2k,Test
rwRJfwwYYR9pRq,26b5WT2k,Test
rwRJfwwYYR9pRq,26b5WT2k,Test
rwRJfwwYYR9pRq,26b5WT2k,Test
rwRJfwwYYR9pRq,26b5WT2k,Test
rwRJfwwYYR9pRq,26b5WT2k,Test
rwRJfwwYYR9pRq,26b5WT2k,Test
rwRJfwwYYR9pRq,26b5WT2k,Test
rwRJfwwYYR9pRq,26b5WT2k,Test
rwRJfwwYYR9pRq,26b5WT2k,Test
rwRJfwwYYR9pRq,26b5WT2k,Test
rwRJfwwYYR9pRq,26b5WT2k,Test
rwRJfwwYYR9pRq,26b5WT2k,Test
rwRJfwwYYR9pRq,26b5WT2k,Test
rwRJfwwYYR9pRq,26b5WT2k,Test
rwRJfwwYYR9pRq,26b5WT2k,Test
rwRJfwwYYR9pRq,26b5WT2k,Test
rwRJfwwYYR9pRq,26b5WT2k,Test
rwRJfwwYYR9pRq,26b5WT2k,Test
rwRJfwwYYR9pRq,26b5WT2k,Test
rwRJfwwYYR9pRq,26b5WT2k,Test
rwRJfwwYYR9pRq,26b5WT2k,Test
rwRJfwwYYR9pRq,26b5WT2k,Test
rwRJfwwYYR9pRq,26b5WT2k,Test
rwRJfwwYYR9pRq,26b5WT2k,Test
rwRJfwwYYR9pRq,26b5WT2k,Test
rwRJfwwYYR9pRq,26b5WT2k,Test
rwRJfwwYYR9pRq,26b5WT2k,Test
rwRJfwwYYR9pRq,26b5WT2k,Test
rwRJfwwYYR9pRq,26b5WT2k,Test
rwRJfwwYYR9pRq,26b5WT2k,Test
rwRJfwwYYR9pRq,26b5WT2k,Test
rwRJfwwYYR9pRq,26b5WT2k,Test
rwRJfwwYYR9pRq,26b5WT2k,Test
rwRJfwwYYR9pRq,26b5WT2k,Test
rwRJfwwYYR9pRq,26b5WT2k,Test
rwRJfwwYYR9pRq,26b5WT2k,Test
rwRJfwwYYR9pRq,26b5WT2k,Test
rwRJfwwYYR9pRq,26b5WT2k,Test
rwRJfwwYYR9pRq,26b5WT2k,Test
rwRJfwwYYR9pRq,26b5WT2k,Test
rwRJfwwYYR9pRq,26b5WT2k,Test
rwRJfwwYYR9pRq,26b5WT2k,Test
rwRJfwwYYR9pRq,26b5WT2k,Test
rwRJfwwYYR9pRq,26b5WT2k,Test
rwRJfwwYYR9pRq,26b5WT2k,Test
rwRJfwwYYR9pRq,26b5WT2k,Test
rwRJfwwYYR9pRq,26b5WT2k,Test
rwRJfwwYYR9pRq,26b5WT2k,Test
rwRJfwwYYR9pRq,26b5WT2k,Test
rwRJfwwYYR9pRq,26b5WT2k,Test
rwRJfwwYYR9pRq,26b5WT2k,Test
rwRJfwwYYR9pRq,26b5WT2k,Test
rwRJfwwYYR9pRq,26b5WT2k,Test
rwRJfwwYYR9pRq,26b5WT2k,Test
rwRJfwwYYR9pRq,26b5WT2k,Test
rwRJfwwYYR9pRq,26b5WT2k,Test
rwRJfwwYYR9pRq,26b5WT2k,Test
rwRJfwwYYR9pRq,26b5WT2k,Test
rwRJfwwYYR9pRq,26b5WT2k,Test
rwRJfwwYYR9pRq,26b5WT2k,Test
rwRJfwwYYR9pRq,26b5WT2k,Test
rwRJfwwYYR9pRq,26b5WT2k,Test
rwRJfwwYYR9pRq,26b5WT2k,Test
rwRJfwwYYR9pRq,26b5WT2k,Test
rwRJfwwYYR9pRq,26b5WT2k,Test
rwRJfwwYYR9pRq,26b5WT2k,Test
rwRJfwwYYR9pRq,26b5WT2k,Test
rwRJfwwYYR9pRq,26b5WT2k,Test
rwRJfwwYYR9pRq,26b5WT2k,Test
rwRJfwwYYR9pRq,26b5WT2k,Test
rwRJfwwYYR9pRq,26b5WT2k,Test
rwRJfwwYYR9pRq,26b5WT2k,Test
rwRJfwwYYR9pRq,26b5WT2k,Test
rwRJfwwYYR9pRq,26b5WT2k,Test
rwRJfwwYYR9pRq,26b5WT2k,Test
rwRJfwwYYR9pRq,26b5WT2k,Test
rwRJfwwYYR9pRq,26b5WT2k,Test
rwRJfwwYYR9pRq,26b5WT2k,Test
rwRJfwwYYR9pRq,26b5WT2k,Test
rwRJfwwYYR9pRq,26b5WT2k,Test
rwRJfwwYYR9pRq,26b5WT2k,Test
rwRJfwwYYR9pRq,26b5WT2k,Test
rwRJfwwYYR9pRq,26b5WT2k,Test
rwRJfwwYYR9pRq,26b5WT2k,Test
rwRJfwwYYR9pRq,26b5WT2k,Test
rwRJfwwYYR9pRq,26b5WT2k,Test
rwRJfwwYYR9pRq,26b5WT2k,Test
rwRJfwwYYR9pRq,26b5WT2k,Test
rwRJfwwYYR9pRq,26b5WT2k,Test
rwRJfwwYYR9pRq,26b5WT2k,Test
rwRJfwwYYR9pRq,26b5WT2k,Test
rwRJfwwYYR9pRq,26b5WT2k,Test
rwRJfwwYYR9pRq,26b5WT2k,Test
rwRJfwwYYR9pRq,26b5WT2k,Test
rwRJfwwYYR9pRq,26b5WT2k,Test
rwRJfwwYYR9pRq,26b5WT2k,Test
rwRJfwwYYR9pRq,26b5WT2k,Test
rwRJfwwYYR9pRq,26b5WT2k,Test
rwRJfwwYYR9pRq,26b5WT2k,Test
rwRJfwwYYR9pRq,26b5WT2k,Test
rwRJfwwYYR9pRq,26b5WT2k,Test
rwRJfwwYYR9pRq,26b5WT2k,Test
rwRJfwwYYR9pRq,26b5WT2k,Test
rwRJfwwYYR9pRq,26b5WT2k,Test
rwRJfwwYYR9pRq,26b5WT2k,Test
rwRJfwwYYR9pRq,26b5WT2k,Test
rwRJfwwYYR9pRq,26b5WT2k,Test
rwRJfwwYYR9pRq,26b5WT2k,Test
rwRJfwwYYR9pRq,26b5WT2k,Test
rwRJfwwYYR9pRq,26b5WT2k,Test
rwRJfwwYYR9pRq,26b5WT2k,Test
rwRJfwwYYR9pRq,26b5WT2k,Test
rwRJfwwYYR9pRq,26b5WT2k,Test
rwRJfwwYYR9pRq,26b5WT2k,Test
rwRJfwwYYR9pRq,26b5WT2k,Test
rwRJfwwYYR9pRq,26b5WT2k,Test
rwRJfwwYYR9pRq,26b5WT2k,Test
rwRJfwwYYR9pRq,26b5WT2k,Test
rwRJfwwYYR9pRq,26b5WT2k,Test
rwRJfwwYYR9pRq,26b5WT2k,Test
rwRJfwwYYR9pRq,26b5WT2k,Test
rwRJfwwYYR9pRq,26b5WT2k,Test
rwRJfwwYYR9pRq,26b5WT2k,Test
rwRJfwwYYR9pRq,26b5WT2k,Test
rwRJfwwYYR9pRq,26b5WT2k,Test
rwRJfwwYYR9pRq,26b5WT2k,Test
rwRJfwwYYR9pRq,26b5WT2k,Test
rwRJfwwYYR9pRq,26b5WT2k,Test
rwRJfwwYYR9pRq,26b5WT2k,Test
rwRJfwwYYR9pRq,26b5WT2k,Test
rwRJfwwYYR9pRq,26b5WT2k,Test
rwRJfwwYYR9pRq,26b5WT2k,Test
rwRJfwwYYR9pRq,26b5WT2k,Test
rwRJfwwYYR9pRq,26b5WT2k,Test
rwRJfwwYYR9pRq,26b5WT2k,Test
rwRJfwwYYR9pRq,26b5WT2k,Test
rwRJfwwYYR9pRq,26b5WT2k,Test
rwRJfwwYYR9pRq,26b5WT2k,Test
rwRJfwwYYR9pRq,26b5WT2k,Test
rwRJfwwYYR9pRq,26b5WT2k,Test
rwRJfwwYYR9pRq,26b5WT2k,Test
rwRJfwwYYR9pRq,26b5WT2k,Test
rwRJfwwYYR9pRq,26b5WT2k,Test
rwRJfwwYYR9pRq,26b5WT2k,Test
rwRJfwwYYR9pRq,26b5WT2k,Test
rwRJfwwYYR9pRq,26b5WT2k,Test
rwRJfwwYYR9pRq,26b5WT2k,Test
rwRJfwwYYR9pRq,26b5WT2k,Test
rwRJfwwYYR9pRq,26b5WT2k,Test
rwRJfwwYYR9pRq,26b5WT2k,Test
rwRJfwwYYR9pRq,26b5WT2k,Test
rwRJfwwYYR9pRq,26b5WT2k,Test
rwRJfwwYYR9pRq,26b5WT2k,Test
rwRJfwwYYR9pRq,26b5WT2k,Test
rwRJfwwYYR9pRq,26b5WT2k,Test
rwRJfwwYYR9pRq,26b5WT2k,Test
rwRJfwwYYR9pRq,26b5WT2k,Test
rwRJfwwYYR9pRq,26b5WT2k,Test
rwRJfwwYYR9pRq,26b5WT2k,Test
rwRJfwwYYR9pRq,26b5WT2k,Test
rwRJfwwYYR9pRq,26b5WT2k,Test
rwRJfwwYYR9pRq,26b5WT2k,Test
rwRJfwwYYR9pRq,26b5WT2k,Test
rwRJfwwYYR9pRq,26b5WT2k,Test
rwRJfwwYYR9pRq,26b5WT2k,Test
rwRJfwwYYR9pRq,26b5WT2k,Test
rwRJfwwYYR9pRq,26b5WT2k,Test
rwRJfwwYYR9pRq,26b5WT2k,Test
rwRJfwwYYR9pRq,26b5WT2k,Test
rwRJfwwYYR9pRq,26b5WT2k,Test
rwRJfwwYYR9pRq,26b5WT2k,Test
rwRJfwwYYR9pRq,26b5WT2k,Test
rwRJfwwYYR9pRq,26b5WT2k,Test
rwRJfwwYYR9pRq,26b5WT2k,Test
rwRJfwwYYR9pRq,26b5WT2k,Test
rwRJfwwYYR9pRq,26b5WT2k,Test
rwRJfwwYYR9pRq,26b5WT2k,Test
rwRJfwwYYR9pRq,26b5WT2k,Test
rwRJfwwYYR9pRq,26b5WT2k,Test
rwRJfwwYYR9pRq,26b5WT2k,Test
rwRJfwwYYR9pRq,26b5WT2k,Test
rwRJfwwYYR9pRq,26b5WT2k,Test
rwRJfwwYYR9pRq,26b5WT2k,Test
rwRJfwwYYR9pRq,26b5WT2k,Test
rwRJfwwYYR9pRq,26b5WT2k,Test
rwRJfwwYYR9pRq,26b5WT2k,Test
rwRJfwwYYR9pRq,26b5WT2k,Test
rwRJfwwYYR9pRq,26b5WT2k,Test
rwRJfwwYYR9pRq,26b5WT2k,Test
rwRJfwwYYR9pRq,26b5WT2k,Test
rwRJfwwYYR9pRq,26b5WT2k,Test
rwRJfwwYYR9pRq,26b5WT2k,Test
rwRJfwwYYR9pRq,26b5WT2k,Test
rwRJfwwYYR9pRq,26b5WT2k,Test
rwRJfwwYYR9pRq,26b5WT2k,Test
rwRJfwwYYR9pRq,26b5WT2k,Test
rwRJfwwYYR9pRq,26b5WT2k,Test
rwRJfwwYYR9pRq,26b5WT2k,Test
rwRJfwwYYR9pRq,26b5WT2k,Test
rwRJfwwYYR9pRq,26b5WT2k,Test
rwRJfwwYYR9pRq,26b5WT2k,Test
rwRJfwwYYR9pRq,26b5WT2k,Test
rwRJfwwYYR9pRq,26b5WT2k,Test
rwRJfwwYYR9pRq,26b5WT2k,Test
rwRJfwwYYR9pRq,26b5WT2k,Test
rwRJfwwYYR9pRq,26b5WT2k,Test
rwRJfwwYYR9pRq,26b5WT2k,Test
rwRJfwwYYR9pRq,26b5WT2k,Test
rwRJfwwYYR9pRq,26b5WT2k,Test
rwRJfwwYYR9pRq,26b5WT2k,Test
rwRJfwwYYR9pRq,26b5WT2k,Test
rwRJfwwYYR9pRq,26b5WT2k,Test
rwRJfwwYYR9pRq,26b5WT2k,Test
rwRJfwwYYR9pRq,26b5WT2k,Test
rwRJfwwYYR9pRq,26b5WT2k,Test
rwRJfwwYYR9pRq,26b5WT2k,Test
rwRJfwwYYR9pRq,26b5WT2k,Test
rwRJfwwYYR9pRq,26b5WT2k,Test
rwRJfwwYYR9pRq,26b5WT2k,Test
rwRJfwwYYR9pRq,26b5WT2k,Test
rwRJfwwYYR9pRq,26b5WT2k,Test
rwRJfwwYYR9pRq,26b5WT2k,Test
rwRJfwwYYR9pRq,26b5WT2k,Test
rwRJfwwYYR9pRq,26b5WT2k,Test
rwRJfwwYYR9pRq,26b5WT2k,Test
rwRJfwwYYR9pRq,26b5WT2k,Test
rwRJfwwYYR9pRq,26b5WT2k,Test
rwRJfwwYYR9pRq,26b5WT2k,Test
rwRJfwwYYR9pRq,26b5WT2k,Test
rwRJfwwYYR9pRq,26b5WT2k,Test
rwRJfwwYYR9pRq,26b5WT2k,Test
rwRJfwwYYR9pRq,26b5WT2k,Test
rwRJfwwYYR9pRq,26b5WT2k,Test
rwRJfwwYYR9pRq,26b5WT2k,Test
rwRJfwwYYR9pRq,26b5WT2k,Test
rwRJfwwYYR9pRq,26b5WT2k,Test
rwRJfwwYYR9pRq,26b5WT2k,Test
rwRJfwwYYR9pRq,26b5WT2k,Test
rwRJfwwYYR9pRq,26b5WT2k,Test
rwRJfwwYYR9pRq,26b5WT2k,Test
rwRJfwwYYR9pRq,26b5WT2k,Test
rwRJfwwYYR9pRq,26b5WT2k,Test
rwRJfwwYYR9pRq,26b5WT2k,Test
rwRJfwwYYR9pRq,26b5WT2k,Test
rwRJfwwYYR9pRq,26b5WT2k,Test
rwRJfwwYYR9pRq,26b5WT2k,Test
rwRJfwwYYR9pRq,26b5WT2k,Test
rwRJfwwYYR9pRq,26b5WT2k,Test
rwRJfwwYYR9pRq,26b5WT2k,Test
rwRJfwwYYR9pRq,26b5WT2k,Test
rwRJfwwYYR9pRq,26b5WT2k,Test
rwRJfwwYYR9pRq,26b5WT2k,Test
rwRJfwwYYR9pRq,26b5WT2k,Test
rwRJfwwYYR9pRq,26b5WT2k,Test
rwRJfwwYYR9pRq,26b5WT2k,Test
rwRJfwwYYR9pRq,26b5WT2k,Test
rwRJfwwYYR9pRq,26b5WT2k,Test
rwRJfwwYYR9pRq,26b5WT2k,Test
rwRJfwwYYR9pRq,26b5WT2k,Test
rwRJfwwYYR9pRq,26b5WT2k,Test
rwRJfwwYYR9pRq,26b5WT2k,Test
rwRJfwwYYR9pRq,26b5WT2k,Test
rwRJfwwYYR9pRq,26b5WT2k,Test
rwRJfwwYYR9pRq,26b5WT2k,Test
rwRJfwwYYR9pRq,26b5WT2k,Test
rwRJfwwYYR9pRq,26b5WT2k,Test
rwRJfwwYYR9pRq,26b5WT2k,Test
rwRJfwwYYR9pRq,26b5WT2k,Test
rwRJfwwYYR9pRq,26b5WT2k,Test
rwRJfwwYYR9pRq,26b5WT2k,Test
rwRJfwwYYR9pRq,26b5WT2k,Test
rwRJfwwYYR9pRq,26b5WT2k,Test
rwRJfwwYYR9pRq,26b5WT2k,Test
rwRJfwwYYR9pRq,26b5WT2k,Test
rwRJfwwYYR9pRq,26b5WT2k,Test
rwRJfwwYYR9pRq,26b5WT2k,Test
rwRJfwwYYR9pRq,26b5WT2k,Test
rwRJfwwYYR9pRq,26b5WT2k,Test
rwRJfwwYYR9pRq,26b5WT2k,Test
rwRJfwwYYR9pRq,26b5WT2k,Test
rwRJfwwYYR9pRq,26b5WT2k,Test
rwRJfwwYYR9pRq,26b5WT2k,Test
rwRJfwwYYR9pRq,26b5WT2k,Test
rwRJfwwYYR9pRq,26b5WT2k,Test
rwRJfwwYYR9pRq,26b5WT2k,Test
rwRJfwwYYR9pRq,26b5WT2k,Test
rwRJfwwYYR9pRq,26b5WT2k,Test
rwRJfwwYYR9pRq,26b5WT2k,Test
rwRJfwwYYR9pRq,26b5WT2k,Test
rwRJfwwYYR9pRq,26b5WT2k,Test
rwRJfwwYYR9pRq,26b5WT2k,Test
rwRJfwwYYR9pRq,26b5WT2k,Test
rwRJfwwYYR9pRq,26b5WT2k,Test
rwRJfwwYYR9pRq,26b5WT2k,Test
rwRJfwwYYR9pRq,26b5WT2k,Test
rwRJfwwYYR9pRq,26b5WT2k,Test
rwRJfwwYYR9pRq,26b5WT2k,Test
rwRJfwwYYR9pRq,26b5WT2k,Test
rwRJfwwYYR9pRq,26b5WT2k,Test
rwRJfwwYYR9pRq,26b5WT2k,Test
rwRJfwwYYR9pRq,26b5WT2k,Test
rwRJfwwYYR9pRq,26b5WT2k,Test
rwRJfwwYYR9pRq,26b5WT2k,Test
rwRJfwwYYR9pRq,26b5WT2k,Test
rwRJfwwYYR9pRq,26b5WT2k,Test
rwRJfwwYYR9pRq,26b5WT2k,Test
rwRJfwwYYR9pRq,26b5WT2k,Test
rwRJfwwYYR9pRq,26b5WT2k,Test
rwRJfwwYYR9pRq,26b5WT2k,Test
rwRJfwwYYR9pRq,26b5WT2k,Test
rwRJfwwYYR9pRq,26b5WT2k,Test
rwRJfwwYYR9pRq,26b5WT2k,Test
rwRJfwwYYR9pRq,26b5WT2k,Test
rwRJfwwYYR9pRq,26b5WT2k,Test
rwRJfwwYYR9pRq,26b5WT2k,Test
rwRJfwwYYR9pRq,26b5WT2k,Test
rwRJfwwYYR9pRq,26b5WT2k,Test
rwRJfwwYYR9pRq,26b5WT2k,Test
rwRJfwwYYR9pRq,26b5WT2k,Test
rwRJfwwYYR9pRq,26b5WT2k,Test
rwRJfwwYYR9pRq,26b5WT2k,Test
rwRJfwwYYR9pRq,26b5WT2k,Test
rwRJfwwYYR9pRq,26b5WT2k,Test
rwRJfwwYYR9pRq,26b5WT2k,Test
rwRJfwwYYR9pRq,26b5WT2k,Test
rwRJfwwYYR9pRq,26b5WT2k,Test
rwRJfwwYYR9pRq,26b5WT2k,Test
rwRJfwwYYR9pRq,26b5WT2k,Test
rwRJfwwYYR9pRq,26b5WT2k,Test
rwRJfwwYYR9pRq,26b5WT2k,Test
rwRJfwwYYR9pRq,26b5WT2k,Test
rwRJfwwYYR9pRq,26b5WT2k,Test
rwRJfwwYYR9pRq,26b5WT2k,Test
rwRJfwwYYR9pRq,26b5WT2k,Test
rwRJfwwYYR9pRq,26b5WT2k,Test
rwRJfwwYYR9pRq,26b5WT2k,Test
rwRJfwwYYR9pRq,26b5WT2k,Test
rwRJfwwYYR9pRq,26b5WT2k,Test
rwRJfwwYYR9pRq,26b5WT2k,Test
rwRJfwwYYR9pRq,26b5WT2k,Test
rwRJfwwYYR9pRq,26b5WT2k,Test
rwRJfwwYYR9pRq,26b5WT2k,Test
rwRJfwwYYR9pRq,26b5WT2k,Test
rwRJfwwYYR9pRq,26b5WT2k,Test
rwRJfwwYYR9pRq,26b5WT2k,Test
rwRJfwwYYR9pRq,26b5WT2k,Test
rwRJfwwYYR9pRq,26b5WT2k,Test
rwRJfwwYYR9pRq,26b5WT2k,Test
rwRJfwwYYR9pRq,26b5WT2k,Test
rwRJfwwYYR9pRq,26b5WT2k,Test
rwRJfwwYYR9pRq,26b5WT2k,Test
rwRJfwwYYR9pRq,26b5WT2k,Test
rwRJfwwYYR9pRq,26b5WT2k,Test
rwRJfwwYYR9pRq,26b5WT2k,Test
rwRJfwwYYR9pRq,26b5WT2k,Test
rwRJfwwYYR9pRq,26b5WT2k,Test
rwRJfwwYYR9pRq,26b5WT2k,Test
rwRJfwwYYR9pRq,26b5WT2k,Test
rwRJfwwYYR9pRq,26b5WT2k,Test
rwRJfwwYYR9pRq,26b5WT2k,Test
rwRJfwwYYR9pRq,26b5WT2k,Test
rwRJfwwYYR9pRq,26b5WT2k,Test
rwRJfwwYYR9pRq,26b5WT2k,Test
rwRJfwwYYR9pRq,26b5WT2k,Test
rwRJfwwYYR9pRq,26b5WT2k,Test
rwRJfwwYYR9pRq,26b5WT2k,Test
rwRJfwwYYR9pRq,26b5WT2k,Test
rwRJfwwYYR9pRq,26b5WT2k,Test
rwRJfwwYYR9pRq,26b5WT2k,Test
rwRJfwwYYR9pRq,26b5WT2k,Test
rwRJfwwYYR9pRq,26b5WT2k,Test
rwRJfwwYYR9pRq,26b5WT2k,Test
rwRJfwwYYR9pRq,26b5WT2k,Test
rwRJfwwYYR9pRq,26b5WT2k,Test
rwRJfwwYYR9pRq,26b5WT2k,Test
rwRJfwwYYR9pRq,26b5WT2k,Test
rwRJfwwYYR9pRq,26b5WT2k,Test
rwRJfwwYYR9pRq,26b5WT2k,Test
rwRJfwwYYR9pRq,26b5WT2k,Test
rwRJfwwYYR9pRq,26b5WT2k,Test
rwRJfwwYYR9pRq,26b5WT2k,Test
rwRJfwwYYR9pRq,26b5WT2k,Test
rwRJfwwYYR9pRq,26b5WT2k,Test
rwRJfwwYYR9pRq,26b5WT2k,Test
rwRJfwwYYR9pRq,26b5WT2k,Test
rwRJfwwYYR9pRq,26b5WT2k,Test
rwRJfwwYYR9pRq,26b5WT2k,Test
rwRJfwwYYR9pRq,26b5WT2k,Test
rwRJfwwYYR9pRq,26b5WT2k,Test
rwRJfwwYYR9pRq,26b5WT2k,Test
rwRJfwwYYR9pRq,26b5WT2k,Test
rwRJfwwYYR9pRq,26b5WT2k,Test
rwRJfwwYYR9pRq,26b5WT2k,Test
rwRJfwwYYR9pRq,26b5WT2k,Test
rwRJfwwYYR9pRq,26b5WT2k,Test
rwRJfwwYYR9pRq,26b5WT2k,Test
rwRJfwwYYR9pRq,26b5WT2k,Test
rwRJfwwYYR9pRq,26b5WT2k,Test
rwRJfwwYYR9pRq,26b5WT2k,Test
rwRJfwwYYR9pRq,26b5WT2k,Test
rwRJfwwYYR9pRq,26b5WT2k,Test
rwRJfwwYYR9pRq,26b5WT2k,Test
rwRJfwwYYR9pRq,26b5WT2k,Test
rwRJfwwYYR9pRq,26b5WT2k,Test
rwRJfwwYYR9pRq,26b5WT2k,Test
rwRJfwwYYR9pRq,26b5WT2k,Test
rwRJfwwYYR9pRq,26b5WT2k,Test
rwRJfwwYYR9pRq,26b5WT2k,Test
rwRJfwwYYR9pRq,26b5WT2k,Test
rwRJfwwYYR9pRq,26b5WT2k,Test
rwRJfwwYYR9pRq,26b5WT2k,Test
rwRJfwwYYR9pRq,26b5WT2k,Test
rwRJfwwYYR9pRq,26b5WT2k,Test
rwRJfwwYYR9pRq,26b5WT2k,Test
rwRJfwwYYR9pRq,26b5WT2k,Test
rwRJfwwYYR9pRq,26b5WT2k,Test
rwRJfwwYYR9pRq,26b5WT2k,Test
rwRJfwwYYR9pRq,26b5WT2k,Test
rwRJfwwYYR9pRq,26b5WT2k,Test
rwRJfwwYYR9pRq,26b5WT2k,Test
rwRJfwwYYR9pRq,26b5WT2k,Test
rwRJfwwYYR9pRq,26b5WT2k,Test
rwRJfwwYYR9pRq,26b5WT2k,Test
rwRJfwwYYR9pRq,26b5WT2k,Test
rwRJfwwYYR9pRq,26b5WT2k,Test
rwRJfwwYYR9pRq,26b5WT2k,Test
rwRJfwwYYR9pRq,26b5WT2k,Test
rwRJfwwYYR9pRq,26b5WT2k,Test
rwRJfwwYYR9pRq,26b5WT2k,Test
rwRJfwwYYR9pRq,26b5WT2k,Test
rwRJfwwYYR9pRq,26b5WT2k,Test
rwRJfwwYYR9pRq,26b5WT2k,Test
rwRJfwwYYR9pRq,26b5WT2k,Test
rwRJfwwYYR9pRq,26b5WT2k,Test
rwRJfwwYYR9pRq,26b5WT2k,Test
rwRJfwwYYR9pRq,26b5WT2k,Test
rwRJfwwYYR9pRq,26b5WT2k,Test
rwRJfwwYYR9pRq,26b5WT2k,Test
rwRJfwwYYR9pRq,26b5WT2k,Test
rwRJfwwYYR9pRq,26b5WT2k,Test
rwRJfwwYYR9pRq,26b5WT2k,Test
rwRJfwwYYR9pRq,26b5WT2k,Test
rwRJfwwYYR9pRq,26b5WT2k,Test
rwRJfwwYYR9pRq,26b5WT2k,Test
rwRJfwwYYR9pRq,26b5WT2k,Test
rwRJfwwYYR9pRq,26b5WT2k,Test
rwRJfwwYYR9pRq,26b5WT2k,Test
rwRJfwwYYR9pRq,26b5WT2k,Test
rwRJfwwYYR9pRq,26b5WT2k,Test
rwRJfwwYYR9pRq,26b5WT2k,Test
rwRJfwwYYR9pRq,26b5WT2k,Test
rwRJfwwYYR9pRq,26b5WT2k,Test
rwRJfwwYYR9pRq,26b5WT2k,Test
rwRJfwwYYR9pRq,26b5WT2k,Test
rwRJfwwYYR9pRq,26b5WT2k,Test
rwRJfwwYYR9pRq,26b5WT2k,Test
rwRJfwwYYR9pRq,26b5WT2k,Test
rwRJfwwYYR9pRq,26b5WT2k,Test
rwRJfwwYYR9pRq,26b5WT2k,Test
rwRJfwwYYR9pRq,26b5WT2k,Test
rwRJfwwYYR9pRq,26b5WT2k,Test
rwRJfwwYYR9pRq,26b5WT2k,Test
rwRJfwwYYR9pRq,26b5WT2k,Test
rwRJfwwYYR9pRq,26b5WT2k,Test
rwRJfwwYYR9pRq,26b5WT2k,Test
rwRJfwwYYR9pRq,26b5WT2k,Test
rwRJfwwYYR9pRq,26b5WT2k,Test
rwRJfwwYYR9pRq,26b5WT2k,Test
rwRJfwwYYR9pRq,26b5WT2k,Test
rwRJfwwYYR9pRq,26b5WT2k,Test
rwRJfwwYYR9pRq,26b5WT2k,Test
rwRJfwwYYR9pRq,26b5WT2k,Test
rwRJfwwYYR9pRq,26b5WT2k,Test
rwRJfwwYYR9pRq,26b5WT2k,Test
rwRJfwwYYR9pRq,26b5WT2k,Test
rwRJfwwYYR9pRq,26b5WT2k,Test
rwRJfwwYYR9pRq,26b5WT2k,Test
rwRJfwwYYR9pRq,26b5WT2k,Test
rwRJfwwYYR9pRq,26b5WT2k,Test
rwRJfwwYYR9pRq,26b5WT2k,Test
rwRJfwwYYR9pRq,26b5WT2k,Test
rwRJfwwYYR9pRq,26b5WT2k,Test
rwRJfwwYYR9pRq,26b5WT2k,Test
rwRJfwwYYR9pRq,26b5WT2k,Test
rwRJfwwYYR9pRq,26b5WT2k,Test
rwRJfwwYYR9pRq,26b5WT2k,Test
rwRJfwwYYR9pRq,26b5WT2k,Test
rwRJfwwYYR9pRq,26b5WT2k,Test
rwRJfwwYYR9pRq,26b5WT2k,Test
rwRJfwwYYR9pRq,26b5WT2k,Test
rwRJfwwYYR9pRq,26b5WT2k,Test
rwRJfwwYYR9pRq,26b5WT2k,Test
rwRJfwwYYR9pRq,26b5WT2k,Test
rwRJfwwYYR9pRq,26b5WT2k,Test
rwRJfwwYYR9pRq,26b5WT2k,Test
rwRJfwwYYR9pRq,26b5WT2k,Test
rwRJfwwYYR9pRq,26b5WT2k,Test
rwRJfwwYYR9pRq,26b5WT2k,Test
rwRJfwwYYR9pRq,26b5WT2k,Test
rwRJfwwYYR9pRq,26b5WT2k,Test
rwRJfwwYYR9pRq,26b5WT2k,Test
rwRJfwwYYR9pRq,26b5WT2k,Test
rwRJfwwYYR9pRq,26b5WT2k,Test
rwRJfwwYYR9pRq,26b5WT2k,Test
rwRJfwwYYR9pRq,26b5WT2k,Test
rwRJfwwYYR9pRq,26b5WT2k,Test
rwRJfwwYYR9pRq,26b5WT2k,Test
rwRJfwwYYR9pRq,26b5WT2k,Test
rwRJfwwYYR9pRq,26b5WT2k,Test
rwRJfwwYYR9pRq,26b5WT2k,Test
rwRJfwwYYR9pRq,26b5WT2k,Test
rwRJfwwYYR9pRq,26b5WT2k,Test
rwRJfwwYYR9pRq,26b5WT2k,Test
rwRJfwwYYR9pRq,26b5WT2k,Test
rwRJfwwYYR9pRq,26b5WT2k,Test
rwRJfwwYYR9pRq,26b5WT2k,Test
rwRJfwwYYR9pRq,26b5WT2k,Test
rwRJfwwYYR9pRq,26b5WT2k,Test
rwRJfwwYYR9pRq,26b5WT2k,Test
rwRJfwwYYR9pRq,26b5WT2k,Test
rwRJfwwYYR9pRq,26b5WT2k,Test
rwRJfwwYYR9pRq,26b5WT2k,Test
rwRJfwwYYR9pRq,26b5WT2k,Test
rwRJfwwYYR9pRq,26b5WT2k,Test
rwRJfwwYYR9pRq,26b5WT2k,Test
rwRJfwwYYR9pRq,26b5WT2k,Test
rwRJfwwYYR9pRq,26b5WT2k,Test
rwRJfwwYYR9pRq,26b5WT2k,Test
rwRJfwwYYR9pRq,26b5WT2k,Test
rwRJfwwYYR9pRq,26b5WT2k,Test
rwRJfwwYYR9pRq,26b5WT2k,Test
rwRJfwwYYR9pRq,26b5WT2k,Test
rwRJfwwYYR9pRq,26b5WT2k,Test
rwRJfwwYYR9pRq,26b5WT2k,Test
rwRJfwwYYR9pRq,26b5WT2k,Test
rwRJfwwYYR9pRq,26b5WT2k,Test
rwRJfwwYYR9pRq,26b5WT2k,Test
rwRJfwwYYR9pRq,26b5WT2k,Test
rwRJfwwYYR9pRq,26b5WT2k,Test
rwRJfwwYYR9pRq,26b5WT2k,Test
rwRJfwwYYR9pRq,26b5WT2k,Test
rwRJfwwYYR9pRq,26b5WT2k,Test
rwRJfwwYYR9pRq,26b5WT2k,Test
rwRJfwwYYR9pRq,26b5WT2k,Test
rwRJfwwYYR9pRq,26b5WT2k,Test
rwRJfwwYYR9pRq,26b5WT2k,Test
rwRJfwwYYR9pRq,26b5WT2k,Test
rwRJfwwYYR9pRq,26b5WT2k,Test
rwRJfwwYYR9pRq,26b5WT2k,Test
rwRJfwwYYR9pRq,26b5WT2k,Test
rwRJfwwYYR9pRq,26b5WT2k,Test
rwRJfwwYYR9pRq,26b5WT2k,Test
rwRJfwwYYR9pRq,26b5WT2k,Test
rwRJfwwYYR9pRq,26b5WT2k,Test
rwRJfwwYYR9pRq,26b5WT2k,Test
rwRJfwwYYR9pRq,26b5WT2k,Test
rwRJfwwYYR9pRq,26b5WT2k,Test
rwRJfwwYYR9pRq,26b5WT2k,Test
rwRJfwwYYR9pRq,26b5WT2k,Test
rwRJfwwYYR9pRq,26b5WT2k,Test
rwRJfwwYYR9pRq,26b5WT2k,Test
rwRJfwwYYR9pRq,26b5WT2k,Test
rwRJfwwYYR9pRq,26b5WT2k,Test
rwRJfwwYYR9pRq,26b5WT2k,Test
rwRJfwwYYR9pRq,26b5WT2k,Test
rwRJfwwYYR9pRq,26b5WT2k,Test
rwRJfwwYYR9pRq,26b5WT2k,Test
rwRJfwwYYR9pRq,26b5WT2k,Test
rwRJfwwYYR9pRq,26b5WT2k,Test
rwRJfwwYYR9pRq,26b5WT2k,Test
rwRJfwwYYR9pRq,26b5WT2k,Test
rwRJfwwYYR9pRq,26b5WT2k,Test
rwRJfwwYYR9pRq,26b5WT2k,Test
rwRJfwwYYR9pRq,26b5WT2k,Test
rwRJfwwYYR9pRq,26b5WT2k,Test
rwRJfwwYYR9pRq,26b5WT2k,Test
rwRJfwwYYR9pRq,26b5WT2k,Test
rwRJfwwYYR9pRq,26b5WT2k,Test
rwRJfwwYYR9pRq,26b5WT2k,Test
rwRJfwwYYR9pRq,26b5WT2k,Test
rwRJfwwYYR9pRq,26b5WT2k,Test
rwRJfwwYYR9pRq,26b5WT2k,Test
rwRJfwwYYR9pRq,26b5WT2k,Test
rwRJfwwYYR9pRq,26b5WT2k,Test
rwRJfwwYYR9pRq,26b5WT2k,Test
rwRJfwwYYR9pRq,26b5WT2k,Test
rwRJfwwYYR9pRq,26b5WT2k,Test
rwRJfwwYYR9pRq,26b5WT2k,Test
rwRJfwwYYR9pRq,26b5WT2k,Test
rwRJfwwYYR9pRq,26b5WT2k,Test
rwRJfwwYYR9pRq,26b5WT2k,Test
rwRJfwwYYR9pRq,26b5WT2k,Test
rwRJfwwYYR9pRq,26b5WT2k,Test
rwRJfwwYYR9pRq,26b5WT2k,Test
rwRJfwwYYR9pRq,26b5WT2k,Test
rwRJfwwYYR9pRq,26b5WT2k,Test
rwRJfwwYYR9pRq,26b5WT2k,Test
rwRJfwwYYR9pRq,26b5WT2k,Test
rwRJfwwYYR9pRq,26b5WT2k,Test
rwRJfwwYYR9pRq,26b5WT2k,Test
rwRJfwwYYR9pRq,26b5WT2k,Test
rwRJfwwYYR9pRq,26b5WT2k,Test
rwRJfwwYYR9pRq,26b5WT2k,Test
rwRJfwwYYR9pRq,26b5WT2k,Test
rwRJfwwYYR9pRq,26b5WT2k,Test
rwRJfwwYYR9pRq,26b5WT2k,Test
rwRJfwwYYR9pRq,26b5WT2k,Test
rwRJfwwYYR9pRq,26b5WT2k,Test
rwRJfwwYYR9pRq,26b5WT2k,Test
rwRJfwwYYR9pRq,26b5WT2k,Test
rwRJfwwYYR9pRq,26b5WT2k,Test
rwRJfwwYYR9pRq,26b5WT2k,Test
rwRJfwwYYR9pRq,26b5WT2k,Test
rwRJfwwYYR9pRq,26b5WT2k,Test
rwRJfwwYYR9pRq,26b5WT2k,Test
rwRJfwwYYR9pRq,26b5WT2k,Test
rwRJfwwYYR9pRq,26b5WT2k,Test
rwRJfwwYYR9pRq,26b5WT2k,Test
rwRJfwwYYR9pRq,26b5WT2k,Test
rwRJfwwYYR9pRq,26b5WT2k,Test
rwRJfwwYYR9pRq,26b5WT2k,Test
rwRJfwwYYR9pRq,26b5WT2k,Test
rwRJfwwYYR9pRq,26b5WT2k,Test
rwRJfwwYYR9pRq,26b5WT2k,Test
rwRJfwwYYR9pRq,26b5WT2k,Test
rwRJfwwYYR9pRq,26b5WT2k,Test
rwRJfwwYYR9pRq,26b5WT2k,Test
rwRJfwwYYR9pRq,26b5WT2k,Test
rwRJfwwYYR9pRq,26b5WT2k,Test
rwRJfwwYYR9pRq,26b5WT2k,Test
rwRJfwwYYR9pRq,26b5WT2k,Test
rwRJfwwYYR9pRq,26b5WT2k,Test
rwRJfwwYYR9pRq,26b5WT2k,Test
rwRJfwwYYR9pRq,26b5WT2k,Test
rwRJfwwYYR9pRq,26b5WT2k,Test
rwRJfwwYYR9pRq,26b5WT2k,Test
rwRJfwwYYR9pRq,26b5WT2k,Test
rwRJfwwYYR9pRq,26b5WT2k,Test
rwRJfwwYYR9pRq,26b5WT2k,Test
rwRJfwwYYR9pRq,26b5WT2k,Test
rwRJfwwYYR9pRq,26b5WT2k,Test
rwRJfwwYYR9pRq,26b5WT2k,Test
rwRJfwwYYR9pRq,26b5WT2k,Test
rwRJfwwYYR9pRq,26b5WT2k,Test
rwRJfwwYYR9pRq,26b5WT2k,Test
rwRJfwwYYR9pRq,26b5WT2k,Test
rwRJfwwYYR9pRq,26b5WT2k,Test
rwRJfwwYYR9pRq,26b5WT2k,Test
rwRJfwwYYR9pRq,26b5WT2k,Test
rwRJfwwYYR9pRq,26b5WT2k,Test
rwRJfwwYYR9pRq,26b5WT2k,Test
rwRJfwwYYR9pRq,26b5WT2k,Test
rwRJfwwYYR9pRq,26b5WT2k,Test
rwRJfwwYYR9pRq,26b5WT2k,Test
rwRJfwwYYR9pRq,26b5WT2k,Test
rwRJfwwYYR9pRq,26b5WT2k,Test
rwRJfwwYYR9pRq,26b5WT2k,Test
rwRJfwwYYR9pRq,26b5WT2k,Test
rwRJfwwYYR9pRq,26b5WT2k,Test
rwRJfwwYYR9pRq,26b5WT2k,Test
rwRJfwwYYR9pRq,26b5WT2k,Test
rwRJfwwYYR9pRq,26b5WT2k,Test
rwRJfwwYYR9pRq,26b5WT2k,Test
rwRJfwwYYR9pRq,26b5WT2k,Test
rwRJfwwYYR9pRq,26b5WT2k,Test
rwRJfwwYYR9pRq,26b5WT2k,Test
rwRJfwwYYR9pRq,26b5WT2k,Test
rwRJfwwYYR9pRq,26b5WT2k,Test
rwRJfwwYYR9pRq,26b5WT2k,Test
rwRJfwwYYR9pRq,26b5WT2k,Test
rwRJfwwYYR9pRq,26b5WT2k,Test
rwRJfwwYYR9pRq,26b5WT2k,Test
rwRJfwwYYR9pRq,26b5WT2k,Test
rwRJfwwYYR9pRq,26b5WT2k,Test
rwRJfwwYYR9pRq,26b5WT2k,Test
rwRJfwwYYR9pRq,26b5WT2k,Test
rwRJfwwYYR9pRq,26b5WT2k,Test
rwRJfwwYYR9pRq,26b5WT2k,Test
rwRJfwwYYR9pRq,26b5WT2k,Test
rwRJfwwYYR9pRq,26b5WT2k,Test
rwRJfwwYYR9pRq,26b5WT2k,Test
rwRJfwwYYR9pRq,26b5WT2k,Test
rwRJfwwYYR9pRq,26b5WT2k,Test
rwRJfwwYYR9pRq,26b5WT2k,Test
rwRJfwwYYR9pRq,26b5WT2k,Test
rwRJfwwYYR9pRq,26b5WT2k,Test
rwRJfwwYYR9pRq,26b5WT2k,Test
rwRJfwwYYR9pRq,26b5WT2k,Test
rwRJfwwYYR9pRq,26b5WT2k,Test
rwRJfwwYYR9pRq,26b5WT2k,Test
rwRJfwwYYR9pRq,26b5WT2k,Test
rwRJfwwYYR9pRq,26b5WT2k,Test
rwRJfwwYYR9pRq,26b5WT2k,Test
rwRJfwwYYR9pRq,26b5WT2k,Test
rwRJfwwYYR9pRq,26b5WT2k,Test
rwRJfwwYYR9pRq,26b5WT2k,Test
rwRJfwwYYR9pRq,26b5WT2k,Test
rwRJfwwYYR9pRq,26b5WT2k,Test
rwRJfwwYYR9pRq,26b5WT2k,Test
rwRJfwwYYR9pRq,26b5WT2k,Test
rwRJfwwYYR9pRq,26b5WT2k,Test
rwRJfwwYYR9pRq,26b5WT2k,Test
rwRJfwwYYR9pRq,26b5WT2k,Test
rwRJfwwYYR9pRq,26b5WT2k,Test
rwRJfwwYYR9pRq,26b5WT2k,Test
rwRJfwwYYR9pRq,26b5WT2k,Test
rwRJfwwYYR9pRq,26b5WT2k,Test
rwRJfwwYYR9pRq,26b5WT2k,Test
rwRJfwwYYR9pRq,26b5WT2k,Test
rwRJfwwYYR9pRq,26b5WT2k,Test
rwRJfwwYYR9pRq,26b5WT2k,Test
rwRJfwwYYR9pRq,26b5WT2k,Test
rwRJfwwYYR9pRq,26b5WT2k,Test
rwRJfwwYYR9pRq,26b5WT2k,Test
rwRJfwwYYR9pRq,26b5WT2k,Test
rwRJfwwYYR9pRq,26b5WT2k,Test
rwRJfwwYYR9pRq,26b5WT2k,Test
rwRJfwwYYR9pRq,26b5WT2k,Test
rwRJfwwYYR9pRq,26b5WT2k,Test
rwRJfwwYYR9pRq,26b5WT2k,Test
rwRJfwwYYR9pRq,26b5WT2k,Test
rwRJfwwYYR9pRq,26b5WT2k,Test
rwRJfwwYYR9pRq,26b5WT2k,Test
rwRJfwwYYR9pRq,26b5WT2k,Test
rwRJfwwYYR9pRq,26b5WT2k,Test
rwRJfwwYYR9pRq,26b5WT2k,Test
rwRJfwwYYR9pRq,26b5WT2k,Test
rwRJfwwYYR9pRq,26b5WT2k,Test
rwRJfwwYYR9pRq,26b5WT2k,Test
rwRJfwwYYR9pRq,26b5WT2k,Test
rwRJfwwYYR9pRq,26b5WT2k,Test
rwRJfwwYYR9pRq,26b5WT2k,Test
rwRJfwwYYR9pRq,26b5WT2k,Test
rwRJfwwYYR9pRq,26b5WT2k,Test
rwRJfwwYYR9pRq,26b5WT2k,Test
rwRJfwwYYR9pRq,26b5WT2k,Test
rwRJfwwYYR9pRq,26b5WT2k,Test
rwRJfwwYYR9pRq,26b5WT2k,Test
rwRJfwwYYR9pRq,26b5WT2k,Test
rwRJfwwYYR9pRq,26b5WT2k,Test
rwRJfwwYYR9pRq,26b5WT2k,Test
rwRJfwwYYR9pRq,26b5WT2k,Test
rwRJfwwYYR9pRq,26b5WT2k,Test
rwRJfwwYYR9pRq,26b5WT2k,Test
rwRJfwwYYR9pRq,26b5WT2k,Test
rwRJfwwYYR9pRq,26b5WT2k,Test
rwRJfwwYYR9pRq,26b5WT2k,Test
rwRJfwwYYR9pRq,26b5WT2k,Test
rwRJfwwYYR9pRq,26b5WT2k,Test
rwRJfwwYYR9pRq,26b5WT2k,Test
rwRJfwwYYR9pRq,26b5WT2k,Test
rwRJfwwYYR9pRq,26b5WT2k,Test
rwRJfwwYYR9pRq,26b5WT2k,Test
rwRJfwwYYR9pRq,26b5WT2k,Test
rwRJfwwYYR9pRq,26b5WT2k,Test
rwRJfwwYYR9pRq,26b5WT2k,Test
rwRJfwwYYR9pRq,26b5WT2k,Test
rwRJfwwYYR9pRq,26b5WT2k,Test
rwRJfwwYYR9pRq,26b5WT2k,Test
rwRJfwwYYR9pRq,26b5WT2k,Test
rwRJfwwYYR9pRq,26b5WT2k,Test
rwRJfwwYYR9pRq,26b5WT2k,Test
rwRJfwwYYR9pRq,26b5WT2k,Test
rwRJfwwYYR9pRq,26b5WT2k,Test
rwRJfwwYYR9pRq,26b5WT2k,Test
rwRJfwwYYR9pRq,26b5WT2k,Test
rwRJfwwYYR9pRq,26b5WT2k,Test
rwRJfwwYYR9pRq,26b5WT2k,Test
rwRJfwwYYR9pRq,26b5WT2k,Test
rwRJfwwYYR9pRq,26b5WT2k,Test
rwRJfwwYYR9pRq,26b5WT2k,Test
rwRJfwwYYR9pRq,26b5WT2k,Test
rwRJfwwYYR9pRq,26b5WT2k,Test
rwRJfwwYYR9pRq,26b5WT2k,Test
rwRJfwwYYR9pRq,26b5WT2k,Test
rwRJfwwYYR9pRq,26b5WT2k,Test
rwRJfwwYYR9pRq,26b5WT2k,Test
rwRJfwwYYR9pRq,26b5WT2k,Test
rwRJfwwYYR9pRq,26b5WT2k,Test
rwRJfwwYYR9pRq,26b5WT2k,Test
rwRJfwwYYR9pRq,26b5WT2k,Test
rwRJfwwYYR9pRq,26b5WT2k,Test
rwRJfwwYYR9pRq,26b5WT2k,Test
rwRJfwwYYR9pRq,26b5WT2k,Test
rwRJfwwYYR9pRq,26b5WT2k,Test
rwRJfwwYYR9pRq,26b5WT2k,Test
rwRJfwwYYR9pRq,26b5WT2k,Test
rwRJfwwYYR9pRq,26b5WT2k,Test
rwRJfwwYYR9pRq,26b5WT2k,Test
rwRJfwwYYR9pRq,26b5WT2k,Test
rwRJfwwYYR9pRq,26b5WT2k,Test
rwRJfwwYYR9pRq,26b5WT2k,Test
rwRJfwwYYR9pRq,26b5WT2k,Test
rwRJfwwYYR9pRq,26b5WT2k,Test
rwRJfwwYYR9pRq,26b5WT2k,Test
rwRJfwwYYR9pRq,26b5WT2k,Test
rwRJfwwYYR9pRq,26b5WT2k,Test
rwRJfwwYYR9pRq,26b5WT2k,Test
rwRJfwwYYR9pRq,26b5WT2k,Test
rwRJfwwYYR9pRq,26b5WT2k,Test
rwRJfwwYYR9pRq,26b5WT2k,Test
rwRJfwwYYR9pRq,26b5WT2k,Test
rwRJfwwYYR9pRq,26b5WT2k,Test
rwRJfwwYYR9pRq,26b5WT2k,Test
rwRJfwwYYR9pRq,26b5WT2k,Test
rwRJfwwYYR9pRq,26b5WT2k,Test
rwRJfwwYYR9pRq,26b5WT2k,Test
rwRJfwwYYR9pRq,26b5WT2k,Test
rwRJfwwYYR9pRq,26b5WT2k,Test
rwRJfwwYYR9pRq,26b5WT2k,Test
rwRJfwwYYR9pRq,26b5WT2k,Test
rwRJfwwYYR9pRq,26b5WT2k,Test
rwRJfwwYYR9pRq,26b5WT2k,Test
rwRJfwwYYR9pRq,26b5WT2k,Test
rwRJfwwYYR9pRq,26b5WT2k,Test
rwRJfwwYYR9pRq,26b5WT2k,Test
rwRJfwwYYR9pRq,26b5WT2k,Test
rwRJfwwYYR9pRq,26b5WT2k,Test
rwRJfwwYYR9pRq,26b5WT2k,Test
rwRJfwwYYR9pRq,26b5WT2k,Test
rwRJfwwYYR9pRq,26b5WT2k,Test
rwRJfwwYYR9pRq,26b5WT2k,Test
rwRJfwwYYR9pRq,26b5WT2k,Test
rwRJfwwYYR9pRq,26b5WT2k,Test
rwRJfwwYYR9pRq,26b5WT2k,Test
rwRJfwwYYR9pRq,26b5WT2k,Test
rwRJfwwYYR9pRq,26b5WT2k,Test
rwRJfwwYYR9pRq,26b5WT2k,Test
rwRJfwwYYR9pRq,26b5WT2k,Test
rwRJfwwYYR9pRq,26b5WT2k,Test
rwRJfwwYYR9pRq,26b5WT2k,Test
rwRJfwwYYR9pRq,26b5WT2k,Test
rwRJfwwYYR9pRq,26b5WT2k,Test
rwRJfwwYYR9pRq,26b5WT2k,Test
rwRJfwwYYR9pRq,26b5WT2k,Test
rwRJfwwYYR9pRq,26b5WT2k,Test
rwRJfwwYYR9pRq,26b5WT2k,Test
rwRJfwwYYR9pRq,26b5WT2k,Test
rwRJfwwYYR9pRq,26b5WT2k,Test
rwRJfwwYYR9pRq,26b5WT2k,Test
rwRJfwwYYR9pRq,26b5WT2k,Test
rwRJfwwYYR9pRq,26b5WT2k,Test
rwRJfwwYYR9pRq,26b5WT2k,Test
rwRJfwwYYR9pRq,26b5WT2k,Test
rwRJfwwYYR9pRq,26b5WT2k,Test
rwRJfwwYYR9pRq,26b5WT2k,Test
rwRJfwwYYR9pRq,26b5WT2k,Test
rwRJfwwYYR9pRq,26b5WT2k,Test
rwRJfwwYYR9pRq,26b5WT2k,Test
rwRJfwwYYR9pRq,26b5WT2k,Test
rwRJfwwYYR9pRq,26b5WT2k,Test
rwRJfwwYYR9pRq,26b5WT2k,Test
rwRJfwwYYR9pRq,26b5WT2k,Test
rwRJfwwYYR9pRq,26b5WT2k,Test
rwRJfwwYYR9pRq,26b5WT2k,Test
rwRJfwwYYR9pRq,26b5WT2k,Test
rwRJfwwYYR9pRq,26b5WT2k,Test
rwRJfwwYYR9pRq,26b5WT2k,Test
rwRJfwwYYR9pRq,26b5WT2k,Test
rwRJfwwYYR9pRq,26b5WT2k,Test
rwRJfwwYYR9pRq,26b5WT2k,Test
rwRJfwwYYR9pRq,26b5WT2k,Test
rwRJfwwYYR9pRq,26b5WT2k,Test
rwRJfwwYYR9pRq,26b5WT2k,Test
rwRJfwwYYR9pRq,26b5WT2k,Test
rwRJfwwYYR9pRq,26b5WT2k,Test
rwRJfwwYYR9pRq,26b5WT2k,Test
rwRJfwwYYR9pRq,26b5WT2k,Test
rwRJfwwYYR9pRq,26b5WT2k,Test
rwRJfwwYYR9pRq,26b5WT2k,Test
rwRJfwwYYR9pRq,26b5WT2k,Test
rwRJfwwYYR9pRq,26b5WT2k,Test
rwRJfwwYYR9pRq,26b5WT2k,Test
rwRJfwwYYR9pRq,26b5WT2k,Test
rwRJfwwYYR9pRq,26b5WT2k,Test
rwRJfwwYYR9pRq,26b5WT2k,Test
rwRJfwwYYR9pRq,26b5WT2k,Test
rwRJfwwYYR9pRq,26b5WT2k,Test
rwRJfwwYYR9pRq,26b5WT2k,Test
rwRJfwwYYR9pRq,26b5WT2k,Test
rwRJfwwYYR9pRq,26b5WT2k,Test
rwRJfwwYYR9pRq,26b5WT2k,Test
rwRJfwwYYR9pRq,26b5WT2k,Test
rwRJfwwYYR9pRq,26b5WT2k,Test
rwRJfwwYYR9pRq,26b5WT2k,Test
rwRJfwwYYR9pRq,26b5WT2k,Test
rwRJfwwYYR9pRq,26b5WT2k,Test
rwRJfwwYYR9pRq,26b5WT2k,Test
rwRJfwwYYR9pRq,26b5WT2k,Test
rwRJfwwYYR9pRq,26b5WT2k,Test
rwRJfwwYYR9pRq,26b5WT2k,Test
rwRJfwwYYR9pRq,26b5WT2k,Test
rwRJfwwYYR9pRq,26b5WT2k,Test
rwRJfwwYYR9pRq,26b5WT2k,Test
rwRJfwwYYR9pRq,26b5WT2k,Test
rwRJfwwYYR9pRq,26b5WT2k,Test
rwRJfwwYYR9pRq,26b5WT2k,Test
rwRJfwwYYR9pRq,26b5WT2k,Test
rwRJfwwYYR9pRq,26b5WT2k,Test
rwRJfwwYYR9pRq,26b5WT2k,Test
rwRJfwwYYR9pRq,26b5WT2k,Test
rwRJfwwYYR9pRq,26b5WT2k,Test
rwRJfwwYYR9pRq,26b5WT2k,Test
rwRJfwwYYR9pRq,26b5WT2k,Test
rwRJfwwYYR9pRq,26b5WT2k,Test
rwRJfwwYYR9pRq,26b5WT2k,Test
rwRJfwwYYR9pRq,26b5WT2k,Test
rwRJfwwYYR9pRq,26b5WT2k,Test
rwRJfwwYYR9pRq,26b5WT2k,Test
rwRJfwwYYR9pRq,26b5WT2k,Test
rwRJfwwYYR9pRq,26b5WT2k,Test
rwRJfwwYYR9pRq,26b5WT2k,Test
rwRJfwwYYR9pRq,26b5WT2k,Test
rwRJfwwYYR9pRq,26b5WT2k,Test
rwRJfwwYYR9pRq,26b5WT2k,Test
rwRJfwwYYR9pRq,26b5WT2k,Test
rwRJfwwYYR9pRq,26b5WT2k,Test
rwRJfwwYYR9pRq,26b5WT2k,Test
rwRJfwwYYR9pRq,26b5WT2k,Test
rwRJfwwYYR9pRq,26b5WT2k,Test
rwRJfwwYYR9pRq,26b5WT2k,Test
rwRJfwwYYR9pRq,26b5WT2k,Test
rwRJfwwYYR9pRq,26b5WT2k,Test
rwRJfwwYYR9pRq,26b5WT2k,Test
rwRJfwwYYR9pRq,26b5WT2k,Test
rwRJfwwYYR9pRq,26b5WT2k,Test
rwRJfwwYYR9pRq,26b5WT2k,Test
rwRJfwwYYR9pRq,26b5WT2k,Test
rwRJfwwYYR9pRq,26b5WT2k,Test
rwRJfwwYYR9pRq,26b5WT2k,Test
rwRJfwwYYR9pRq,26b5WT2k,Test
rwRJfwwYYR9pRq,26b5WT2k,Test
rwRJfwwYYR9pRq,26b5WT2k,Test
rwRJfwwYYR9pRq,26b5WT2k,Test
rwRJfwwYYR9pRq,26b5WT2k,Test
rwRJfwwYYR9pRq,26b5WT2k,Test
rwRJfwwYYR9pRq,26b5WT2k,Test
rwRJfwwYYR9pRq,26b5WT2k,Test
rwRJfwwYYR9pRq,26b5WT2k,Test
rwRJfwwYYR9pRq,26b5WT2k,Test
rwRJfwwYYR9pRq,26b5WT2k,Test
rwRJfwwYYR9pRq,26b5WT2k,Test
rwRJfwwYYR9pRq,26b5WT2k,Test
rwRJfwwYYR9pRq,26b5WT2k,Test
rwRJfwwYYR9pRq,26b5WT2k,Test
rwRJfwwYYR9pRq,26b5WT2k,Test
rwRJfwwYYR9pRq,26b5WT2k,Test
rwRJfwwYYR9pRq,26b5WT2k,Test
rwRJfwwYYR9pRq,26b5WT2k,Test
rwRJfwwYYR9pRq,26b5WT2k,Test
rwRJfwwYYR9pRq,26b5WT2k,Test
rwRJfwwYYR9pRq,26b5WT2k,Test
rwRJfwwYYR9pRq,26b5WT2k,Test
rwRJfwwYYR9pRq,26b5WT2k,Test
rwRJfwwYYR9pRq,26b5WT2k,Test
rwRJfwwYYR9pRq,26b5WT2k,Test
rwRJfwwYYR9pRq,26b5WT2k,Test
rwRJfwwYYR9pRq,26b5WT2k,Test
rwRJfwwYYR9pRq,26b5WT2k,Test
rwRJfwwYYR9pRq,26b5WT2k,Test
rwRJfwwYYR9pRq,26b5WT2k,Test
rwRJfwwYYR9pRq,26b5WT2k,Test
rwRJfwwYYR9pRq,26b5WT2k,Test
rwRJfwwYYR9pRq,26b5WT2k,Test
rwRJfwwYYR9pRq,26b5WT2k,Test
rwRJfwwYYR9pRq,26b5WT2k,Test
rwRJfwwYYR9pRq,26b5WT2k,Test
rwRJfwwYYR9pRq,26b5WT2k,Test
rwRJfwwYYR9pRq,26b5WT2k,Test
rwRJfwwYYR9pRq,26b5WT2k,Test
rwRJfwwYYR9pRq,26b5WT2k,Test
rwRJfwwYYR9pRq,26b5WT2k,Test
rwRJfwwYYR9pRq,26b5WT2k,Test
rwRJfwwYYR9pRq,26b5WT2k,Test
rwRJfwwYYR9pRq,26b5WT2k,Test
rwRJfwwYYR9pRq,26b5WT2k,Test
rwRJfwwYYR9pRq,26b5WT2k,Test
rwRJfwwYYR9pRq,26b5WT2k,Test
rwRJfwwYYR9pRq,26b5WT2k,Test
rwRJfwwYYR9pRq,26b5WT2k,Test
rwRJfwwYYR9pRq,26b5WT2k,Test
rwRJfwwYYR9pRq,26b5WT2k,Test
rwRJfwwYYR9pRq,26b5WT2k,Test
rwRJfwwYYR9pRq,26b5WT2k,Test
rwRJfwwYYR9pRq,26b5WT2k,Test
rwRJfwwYYR9pRq,26b5WT2k,Test
rwRJfwwYYR9pRq,26b5WT2k,Test
rwRJfwwYYR9pRq,26b5WT2k,Test
rwRJfwwYYR9pRq,26b5WT2k,Test
rwRJfwwYYR9pRq,26b5WT2k,Test
rwRJfwwYYR9pRq,26b5WT2k,Test
rwRJfwwYYR9pRq,26b5WT2k,Test
rwRJfwwYYR9pRq,26b5WT2k,Test
rwRJfwwYYR9pRq,26b5WT2k,Test
rwRJfwwYYR9pRq,26b5WT2k,Test
rwRJfwwYYR9pRq,26b5WT2k,Test
rwRJfwwYYR9pRq,26b5WT2k,Test
rwRJfwwYYR9pRq,26b5WT2k,Test
rwRJfwwYYR9pRq,26b5WT2k,Test
rwRJfwwYYR9pRq,26b5WT2k,Test
rwRJfwwYYR9pRq,26b5WT2k,Test
rwRJfwwYYR9pRq,26b5WT2k,Test
rwRJfwwYYR9pRq,26b5WT2k,Test
rwRJfwwYYR9pRq,26b5WT2k,Test
rwRJfwwYYR9pRq,26b5WT2k,Test
rwRJfwwYYR9pRq,26b5WT2k,Test
rwRJfwwYYR9pRq,26b5WT2k,Test
rwRJfwwYYR9pRq,26b5WT2k,Test
rwRJfwwYYR9pRq,26b5WT2k,Test
rwRJfwwYYR9pRq,26b5WT2k,Test
rwRJfwwYYR9pRq,26b5WT2k,Test
rwRJfwwYYR9pRq,26b5WT2k,Test
rwRJfwwYYR9pRq,26b5WT2k,Test
rwRJfwwYYR9pRq,26b5WT2k,Test
rwRJfwwYYR9pRq,26b5WT2k,Test
rwRJfwwYYR9pRq,26b5WT2k,Test
rwRJfwwYYR9pRq,26b5WT2k,Test
rwRJfwwYYR9pRq,26b5WT2k,Test
rwRJfwwYYR9pRq,26b5WT2k,Test
rwRJfwwYYR9pRq,26b5WT2k,Test
rwRJfwwYYR9pRq,26b5WT2k,Test
rwRJfwwYYR9pRq,26b5WT2k,Test
rwRJfwwYYR9pRq,26b5WT2k,Test
rwRJfwwYYR9pRq,26b5WT2k,Test
rwRJfwwYYR9pRq,26b5WT2k,Test
rwRJfwwYYR9pRq,26b5WT2k,Test
rwRJfwwYYR9pRq,26b5WT2k,Test
rwRJfwwYYR9pRq,26b5WT2k,Test
rwRJfwwYYR9pRq,26b5WT2k,Test
rwRJfwwYYR9pRq,26b5WT2k,Test
rwRJfwwYYR9pRq,26b5WT2k,Test
rwRJfwwYYR9pRq,26b5WT2k,Test
rwRJfwwYYR9pRq,26b5WT2k,Test
rwRJfwwYYR9pRq,26b5WT2k,Test
rwRJfwwYYR9pRq,26b5WT2k,Test
rwRJfwwYYR9pRq,26b5WT2k,Test
rwRJfwwYYR9pRq,26b5WT2k,Test
rwRJfwwYYR9pRq,26b5WT2k,Test
rwRJfwwYYR9pRq,26b5WT2k,Test
rwRJfwwYYR9pRq,26b5WT2k,Test
rwRJfwwYYR9pRq,26b5WT2k,Test
rwRJfwwYYR9pRq,26b5WT2k,Test
rwRJfwwYYR9pRq,26b5WT2k,Test
rwRJfwwYYR9pRq,26b5WT2k,Test
rwRJfwwYYR9pRq,26b5WT2k,Test
rwRJfwwYYR9pRq,26b5WT2k,Test
rwRJfwwYYR9pRq,26b5WT2k,Test
rwRJfwwYYR9pRq,26b5WT2k,Test
rwRJfwwYYR9pRq,26b5WT2k,Test
rwRJfwwYYR9pRq,26b5WT2k,Test
rwRJfwwYYR9pRq,26b5WT2k,Test
rwRJfwwYYR9pRq,26b5WT2k,Test
rwRJfwwYYR9pRq,26b5WT2k,Test
rwRJfwwYYR9pRq,26b5WT2k,Test
rwRJfwwYYR9pRq,26b5WT2k,Test
rwRJfwwYYR9pRq,26b5WT2k,Test
rwRJfwwYYR9pRq,26b5WT2k,Test
rwRJfwwYYR9pRq,26b5WT2k,Test
rwRJfwwYYR9pRq,26b5WT2k,Test
rwRJfwwYYR9pRq,26b5WT2k,Test
rwRJfwwYYR9pRq,26b5WT2k,Test
rwRJfwwYYR9pRq,26b5WT2k,Test
rwRJfwwYYR9pRq,26b5WT2k,Test
rwRJfwwYYR9pRq,26b5WT2k,Test
rwRJfwwYYR9pRq,26b5WT2k,Test
rwRJfwwYYR9pRq,26b5WT2k,Test
rwRJfwwYYR9pRq,26b5WT2k,Test
rwRJfwwYYR9pRq,26b5WT2k,Test
rwRJfwwYYR9pRq,26b5WT2k,Test
rwRJfwwYYR9pRq,26b5WT2k,Test
rwRJfwwYYR9pRq,26b5WT2k,Test
rwRJfwwYYR9pRq,26b5WT2k,Test
rwRJfwwYYR9pRq,26b5WT2k,Test
rwRJfwwYYR9pRq,26b5WT2k,Test
rwRJfwwYYR9pRq,26b5WT2k,Test
rwRJfwwYYR9pRq,26b5WT2k,Test
rwRJfwwYYR9pRq,26b5WT2k,Test
rwRJfwwYYR9pRq,26b5WT2k,Test
rwRJfwwYYR9pRq,26b5WT2k,Test
rwRJfwwYYR9pRq,26b5WT2k,Test
rwRJfwwYYR9pRq,26b5WT2k,Test
rwRJfwwYYR9pRq,26b5WT2k,Test
rwRJfwwYYR9pRq,26b5WT2k,Test
rwRJfwwYYR9pRq,26b5WT2k,Test
rwRJfwwYYR9pRq,26b5WT2k,Test
rwRJfwwYYR9pRq,26b5WT2k,Test
rwRJfwwYYR9pRq,26b5WT2k,Test
rwRJfwwYYR9pRq,26b5WT2k,Test
rwRJfwwYYR9pRq,26b5WT2k,Test
rwRJfwwYYR9pRq,26b5WT2k,Test
rwRJfwwYYR9pRq,26b5WT2k,Test
rwRJfwwYYR9pRq,26b5WT2k,Test
rwRJfwwYYR9pRq,26b5WT2k,Test
rwRJfwwYYR9pRq,26b5WT2k,Test
rwRJfwwYYR9pRq,26b5WT2k,Test
rwRJfwwYYR9pRq,26b5WT2k,Test
rwRJfwwYYR9pRq,26b5WT2k,Test
rwRJfwwYYR9pRq,26b5WT2k,Test
rwRJfwwYYR9pRq,26b5WT2k,Test
rwRJfwwYYR9pRq,26b5WT2k,Test
rwRJfwwYYR9pRq,26b5WT2k,Test
rwRJfwwYYR9pRq,26b5WT2k,Test
rwRJfwwYYR9pRq,26b5WT2k,Test
rwRJfwwYYR9pRq,26b5WT2k,Test
rwRJfwwYYR9pRq,26b5WT2k,Test
rwRJfwwYYR9pRq,26b5WT2k,Test
rwRJfwwYYR9pRq,26b5WT2k,Test
rwRJfwwYYR9pRq,26b5WT2k,Test
rwRJfwwYYR9pRq,26b5WT2k,Test
rwRJfwwYYR9pRq,26b5WT2k,Test
rwRJfwwYYR9pRq,26b5WT2k,Test
rwRJfwwYYR9pRq,26b5WT2k,Test
rwRJfwwYYR9pRq,26b5WT2k,Test
rwRJfwwYYR9pRq,26b5WT2k,Test
rwRJfwwYYR9pRq,26b5WT2k,Test
rwRJfwwYYR9pRq,26b5WT2k,Test
rwRJfwwYYR9pRq,26b5WT2k,Test
rwRJfwwYYR9pRq,26b5WT2k,Test
rwRJfwwYYR9pRq,26b5WT2k,Test
rwRJfwwYYR9pRq,26b5WT2k,Test
rwRJfwwYYR9pRq,26b5WT2k,Test
rwRJfwwYYR9pRq,26b5WT2k,Test
rwRJfwwYYR9pRq,26b5WT2k,Test
rwRJfwwYYR9pRq,26b5WT2k,Test
rwRJfwwYYR9pRq,26b5WT2k,Test
rwRJfwwYYR9pRq,26b5WT2k,Test
rwRJfwwYYR9pRq,26b5WT2k,Test
rwRJfwwYYR9pRq,26b5WT2k,Test
rwRJfwwYYR9pRq,26b5WT2k,Test
rwRJfwwYYR9pRq,26b5WT2k,Test
rwRJfwwYYR9pRq,26b5WT2k,Test
rwRJfwwYYR9pRq,26b5WT2k,Test
rwRJfwwYYR9pRq,26b5WT2k,Test
rwRJfwwYYR9pRq,26b5WT2k,Test
rwRJfwwYYR9pRq,26b5WT2k,Test
rwRJfwwYYR9pRq,26b5WT2k,Test
rwRJfwwYYR9pRq,26b5WT2k,Test
rwRJfwwYYR9pRq,26b5WT2k,Test
rwRJfwwYYR9pRq,26b5WT2k,Test
rwRJfwwYYR9pRq,26b5WT2k,Test
rwRJfwwYYR9pRq,26b5WT2k,Test
rwRJfwwYYR9pRq,26b5WT2k,Test
rwRJfwwYYR9pRq,26b5WT2k,Test
rwRJfwwYYR9pRq,26b5WT2k,Test
rwRJfwwYYR9pRq,26b5WT2k,Test
rwRJfwwYYR9pRq,26b5WT2k,Test
rwRJfwwYYR9pRq,26b5WT2k,Test
rwRJfwwYYR9pRq,26b5WT2k,Test
rwRJfwwYYR9pRq,26b5WT2k,Test
rwRJfwwYYR9pRq,26b5WT2k,Test
rwRJfwwYYR9pRq,26b5WT2k,Test
rwRJfwwYYR9pRq,26b5WT2k,Test
rwRJfwwYYR9pRq,26b5WT2k,Test
rwRJfwwYYR9pRq,26b5WT2k,Test
rwRJfwwYYR9pRq,26b5WT2k,Test
rwRJfwwYYR9pRq,26b5WT2k,Test
rwRJfwwYYR9pRq,26b5WT2k,Test
rwRJfwwYYR9pRq,26b5WT2k,Test
rwRJfwwYYR9pRq,26b5WT2k,Test
rwRJfwwYYR9pRq,26b5WT2k,Test
rwRJfwwYYR9pRq,26b5WT2k,Test
rwRJfwwYYR9pRq,26b5WT2k,Test
rwRJfwwYYR9pRq,26b5WT2k,Test
rwRJfwwYYR9pRq,26b5WT2k,Test
rwRJfwwYYR9pRq,26b5WT2k,Test
rwRJfwwYYR9pRq,26b5WT2k,Test
rwRJfwwYYR9pRq,26b5WT2k,Test
rwRJfwwYYR9pRq,26b5WT2k,Test
rwRJfwwYYR9pRq,26b5WT2k,Test
rwRJfwwYYR9pRq,26b5WT2k,Test
rwRJfwwYYR9pRq,26b5WT2k,Test
rwRJfwwYYR9pRq,26b5WT2k,Test
rwRJfwwYYR9pRq,26b5WT2k,Test
rwRJfwwYYR9pRq,26b5WT2k,Test
rwRJfwwYYR9pRq,26b5WT2k,Test
rwRJfwwYYR9pRq,26b5WT2k,Test
rwRJfwwYYR9pRq,26b5WT2k,Test
rwRJfwwYYR9pRq,26b5WT2k,Test
rwRJfwwYYR9pRq,26b5WT2k,Test
rwRJfwwYYR9pRq,26b5WT2k,Test
rwRJfwwYYR9pRq,26b5WT2k,Test
rwRJfwwYYR9pRq,26b5WT2k,Test
rwRJfwwYYR9pRq,26b5WT2k,Test
rwRJfwwYYR9pRq,26b5WT2k,Test
rwRJfwwYYR9pRq,26b5WT2k,Test
rwRJfwwYYR9pRq,26b5WT2k,Test
rwRJfwwYYR9pRq,26b5WT2k,Test
rwRJfwwYYR9pRq,26b5WT2k,Test
rwRJfwwYYR9pRq,26b5WT2k,Test
rwRJfwwYYR9pRq,26b5WT2k,Test
rwRJfwwYYR9pRq,26b5WT2k,Test
rwRJfwwYYR9pRq,26b5WT2k,Test
rwRJfwwYYR9pRq,26b5WT2k,Test
rwRJfwwYYR9pRq,26b5WT2k,Test
rwRJfwwYYR9pRq,26b5WT2k,Test
rwRJfwwYYR9pRq,26b5WT2k,Test
rwRJfwwYYR9pRq,26b5WT2k,Test
rwRJfwwYYR9pRq,26b5WT2k,Test
rwRJfwwYYR9pRq,26b5WT2k,Test
rwRJfwwYYR9pRq,26b5WT2k,Test
rwRJfwwYYR9pRq,26b5WT2k,Test
rwRJfwwYYR9pRq,26b5WT2k,Test
rwRJfwwYYR9pRq,26b5WT2k,Test
rwRJfwwYYR9pRq,26b5WT2k,Test
rwRJfwwYYR9pRq,26b5WT2k,Test
rwRJfwwYYR9pRq,26b5WT2k,Test
rwRJfwwYYR9pRq,26b5WT2k,Test
rwRJfwwYYR9pRq,26b5WT2k,Test
rwRJfwwYYR9pRq,26b5WT2k,Test
rwRJfwwYYR9pRq,26b5WT2k,Test
rwRJfwwYYR9pRq,26b5WT2k,Test
rwRJfwwYYR9pRq,26b5WT2k,Test
rwRJfwwYYR9pRq,26b5WT2k,Test
rwRJfwwYYR9pRq,26b5WT2k,Test
rwRJfwwYYR9pRq,26b5WT2k,Test
rwRJfwwYYR9pRq,26b5WT2k,Test
rwRJfwwYYR9pRq,26b5WT2k,Test
rwRJfwwYYR9pRq,26b5WT2k,Test
rwRJfwwYYR9pRq,26b5WT2k,Test
rwRJfwwYYR9pRq,26b5WT2k,Test
rwRJfwwYYR9pRq,26b5WT2k,Test
rwRJfwwYYR9pRq,26b5WT2k,Test
rwRJfwwYYR9pRq,26b5WT2k,Test
rwRJfwwYYR9pRq,26b5WT2k,Test
rwRJfwwYYR9pRq,26b5WT2k,Test
rwRJfwwYYR9pRq,26b5WT2k,Test
rwRJfwwYYR9pRq,26b5WT2k,Test
rwRJfwwYYR9pRq,26b5WT2k,Test
rwRJfwwYYR9pRq,26b5WT2k,Test
rwRJfwwYYR9pRq,26b5WT2k,Test
rwRJfwwYYR9pRq,26b5WT2k,Test
rwRJfwwYYR9pRq,26b5WT2k,Test
rwRJfwwYYR9pRq,26b5WT2k,Test
rwRJfwwYYR9pRq,26b5WT2k,Test
rwRJfwwYYR9pRq,26b5WT2k,Test
rwRJfwwYYR9pRq,26b5WT2k,Test
rwRJfwwYYR9pRq,26b5WT2k,Test
rwRJfwwYYR9pRq,26b5WT2k,Test
rwRJfwwYYR9pRq,26b5WT2k,Test
rwRJfwwYYR9pRq,26b5WT2k,Test
rwRJfwwYYR9pRq,26b5WT2k,Test
rwRJfwwYYR9pRq,26b5WT2k,Test
rwRJfwwYYR9pRq,26b5WT2k,Test
rwRJfwwYYR9pRq,26b5WT2k,Test
rwRJfwwYYR9pRq,26b5WT2k,Test
rwRJfwwYYR9pRq,26b5WT2k,Test
rwRJfwwYYR9pRq,26b5WT2k,Test
rwRJfwwYYR9pRq,26b5WT2k,Test
rwRJfwwYYR9pRq,26b5WT2k,Test
rwRJfwwYYR9pRq,26b5WT2k,Test
rwRJfwwYYR9pRq,26b5WT2k,Test
rwRJfwwYYR9pRq,26b5WT2k,Test
rwRJfwwYYR9pRq,26b5WT2k,Test
rwRJfwwYYR9pRq,26b5WT2k,Test
rwRJfwwYYR9pRq,26b5WT2k,Test
rwRJfwwYYR9pRq,26b5WT2k,Test
rwRJfwwYYR9pRq,26b5WT2k,Test
rwRJfwwYYR9pRq,26b5WT2k,Test
rwRJfwwYYR9pRq,26b5WT2k,Test
rwRJfwwYYR9pRq,26b5WT2k,Test
rwRJfwwYYR9pRq,26b5WT2k,Test
rwRJfwwYYR9pRq,26b5WT2k,Test
rwRJfwwYYR9pRq,26b5WT2k,Test
rwRJfwwYYR9pRq,26b5WT2k,Test
rwRJfwwYYR9pRq,26b5WT2k,Test
rwRJfwwYYR9pRq,26b5WT2k,Test
rwRJfwwYYR9pRq,26b5WT2k,Test
rwRJfwwYYR9pRq,26b5WT2k,Test
rwRJfwwYYR9pRq,26b5WT2k,Test
rwRJfwwYYR9pRq,26b5WT2k,Test
rwRJfwwYYR9pRq,26b5WT2k,Test
rwRJfwwYYR9pRq,26b5WT2k,Test
rwRJfwwYYR9pRq,26b5WT2k,Test
rwRJfwwYYR9pRq,26b5WT2k,Test
rwRJfwwYYR9pRq,26b5WT2k,Test
rwRJfwwYYR9pRq,26b5WT2k,Test
rwRJfwwYYR9pRq,26b5WT2k,Test
rwRJfwwYYR9pRq,26b5WT2k,Test
rwRJfwwYYR9pRq,26b5WT2k,Test
rwRJfwwYYR9pRq,26b5WT2k,Test
rwRJfwwYYR9pRq,26b5WT2k,Test
rwRJfwwYYR9pRq,26b5WT2k,Test
rwRJfwwYYR9pRq,26b5WT2k,Test
rwRJfwwYYR9pRq,26b5WT2k,Test
rwRJfwwYYR9pRq,26b5WT2k,Test
rwRJfwwYYR9pRq,26b5WT2k,Test
rwRJfwwYYR9pRq,26b5WT2k,Test
rwRJfwwYYR9pRq,26b5WT2k,Test
rwRJfwwYYR9pRq,26b5WT2k,Test
rwRJfwwYYR9pRq,26b5WT2k,Test
rwRJfwwYYR9pRq,26b5WT2k,Test
rwRJfwwYYR9pRq,26b5WT2k,Test
rwRJfwwYYR9pRq,26b5WT2k,Test
rwRJfwwYYR9pRq,26b5WT2k,Test
rwRJfwwYYR9pRq,26b5WT2k,Test
rwRJfwwYYR9pRq,26b5WT2k,Test
rwRJfwwYYR9pRq,26b5WT2k,Test
rwRJfwwYYR9pRq,26b5WT2k,Test
rwRJfwwYYR9pRq,26b5WT2k,Test
rwRJfwwYYR9pRq,26b5WT2k,Test
rwRJfwwYYR9pRq,26b5WT2k,Test
rwRJfwwYYR9pRq,26b5WT2k,Test
rwRJfwwYYR9pRq,26b5WT2k,Test
rwRJfwwYYR9pRq,26b5WT2k,Test
rwRJfwwYYR9pRq,26b5WT2k,Test
rwRJfwwYYR9pRq,26b5WT2k,Test
rwRJfwwYYR9pRq,26b5WT2k,Test
rwRJfwwYYR9pRq,26b5WT2k,Test
rwRJfwwYYR9pRq,26b5WT2k,Test
rwRJfwwYYR9pRq,26b5WT2k,Test
rwRJfwwYYR9pRq,26b5WT2k,Test
rwRJfwwYYR9pRq,26b5WT2k,Test
rwRJfwwYYR9pRq,26b5WT2k,Test
rwRJfwwYYR9pRq,26b5WT2k,Test
rwRJfwwYYR9pRq,26b5WT2k,Test
rwRJfwwYYR9pRq,26b5WT2k,Test
rwRJfwwYYR9pRq,26b5WT2k,Test
rwRJfwwYYR9pRq,26b5WT2k,Test
rwRJfwwYYR9pRq,26b5WT2k,Test
rwRJfwwYYR9pRq,26b5WT2k,Test
rwRJfwwYYR9pRq,26b5WT2k,Test
rwRJfwwYYR9pRq,26b5WT2k,Test
rwRJfwwYYR9pRq,26b5WT2k,Test
rwRJfwwYYR9pRq,26b5WT2k,Test
rwRJfwwYYR9pRq,26b5WT2k,Test
rwRJfwwYYR9pRq,26b5WT2k,Test
rwRJfwwYYR9pRq,26b5WT2k,Test
rwRJfwwYYR9pRq,26b5WT2k,Test
rwRJfwwYYR9pRq,26b5WT2k,Test
rwRJfwwYYR9pRq,26b5WT2k,Test
rwRJfwwYYR9pRq,26b5WT2k,Test
rwRJfwwYYR9pRq,26b5WT2k,Test
rwRJfwwYYR9pRq,26b5WT2k,Test
rwRJfwwYYR9pRq,26b5WT2k,Test
rwRJfwwYYR9pRq,26b5WT2k,Test
rwRJfwwYYR9pRq,26b5WT2k,Test
rwRJfwwYYR9pRq,26b5WT2k,Test
rwRJfwwYYR9pRq,26b5WT2k,Test
rwRJfwwYYR9pRq,26b5WT2k,Test
rwRJfwwYYR9pRq,26b5WT2k,Test
rwRJfwwYYR9pRq,26b5WT2k,Test
rwRJfwwYYR9pRq,26b5WT2k,Test
rwRJfwwYYR9pRq,26b5WT2k,Test
rwRJfwwYYR9pRq,26b5WT2k,Test
rwRJfwwYYR9pRq,26b5WT2k,Test
rwRJfwwYYR9pRq,26b5WT2k,Test
rwRJfwwYYR9pRq,26b5WT2k,Test
rwRJfwwYYR9pRq,26b5WT2k,Test
rwRJfwwYYR9pRq,26b5WT2k,Test
rwRJfwwYYR9pRq,26b5WT2k,Test
rwRJfwwYYR9pRq,26b5WT2k,Test
rwRJfwwYYR9pRq,26b5WT2k,Test
rwRJfwwYYR9pRq,26b5WT2k,Test
rwRJfwwYYR9pRq,26b5WT2k,Test
rwRJfwwYYR9pRq,26b5WT2k,Test
rwRJfwwYYR9pRq,26b5WT2k,Test
rwRJfwwYYR9pRq,26b5WT2k,Test
rwRJfwwYYR9pRq,26b5WT2k,Test
rwRJfwwYYR9pRq,26b5WT2k,Test
rwRJfwwYYR9pRq,26b5WT2k,Test
rwRJfwwYYR9pRq,26b5WT2k,Test
rwRJfwwYYR9pRq,26b5WT2k,Test
rwRJfwwYYR9pRq,26b5WT2k,Test
rwRJfwwYYR9pRq,26b5WT2k,Test
rwRJfwwYYR9pRq,26b5WT2k,Test
rwRJfwwYYR9pRq,26b5WT2k,Test
rwRJfwwYYR9pRq,26b5WT2k,Test
rwRJfwwYYR9pRq,26b5WT2k,Test
rwRJfwwYYR9pRq,26b5WT2k,Test
rwRJfwwYYR9pRq,26b5WT2k,Test
rwRJfwwYYR9pRq,26b5WT2k,Test
rwRJfwwYYR9pRq,26b5WT2k,Test
rwRJfwwYYR9pRq,26b5WT2k,Test
rwRJfwwYYR9pRq,26b5WT2k,Test
rwRJfwwYYR9pRq,26b5WT2k,Test
rwRJfwwYYR9pRq,26b5WT2k,Test
rwRJfwwYYR9pRq,26b5WT2k,Test
rwRJfwwYYR9pRq,26b5WT2k,Test
rwRJfwwYYR9pRq,26b5WT2k,Test
rwRJfwwYYR9pRq,26b5WT2k,Test
rwRJfwwYYR9pRq,26b5WT2k,Test
rwRJfwwYYR9pRq,26b5WT2k,Test
rwRJfwwYYR9pRq,26b5WT2k,Test
rwRJfwwYYR9pRq,26b5WT2k,Test
rwRJfwwYYR9pRq,26b5WT2k,Test
rwRJfwwYYR9pRq,26b5WT2k,Test
rwRJfwwYYR9pRq,26b5WT2k,Test
rwRJfwwYYR9pRq,26b5WT2k,Test
rwRJfwwYYR9pRq,26b5WT2k,Test
rwRJfwwYYR9pRq,26b5WT2k,Test
rwRJfwwYYR9pRq,26b5WT2k,Test
rwRJfwwYYR9pRq,26b5WT2k,Test
rwRJfwwYYR9pRq,26b5WT2k,Test
rwRJfwwYYR9pRq,26b5WT2k,Test
rwRJfwwYYR9pRq,26b5WT2k,Test
rwRJfwwYYR9pRq,26b5WT2k,Test
rwRJfwwYYR9pRq,26b5WT2k,Test
rwRJfwwYYR9pRq,26b5WT2k,Test
rwRJfwwYYR9pRq,26b5WT2k,Test
rwRJfwwYYR9pRq,26b5WT2k,Test
rwRJfwwYYR9pRq,26b5WT2k,Test
rwRJfwwYYR9pRq,26b5WT2k,Test
rwRJfwwYYR9pRq,26b5WT2k,Test
rwRJfwwYYR9pRq,26b5WT2k,Test
rwRJfwwYYR9pRq,26b5WT2k,Test
rwRJfwwYYR9pRq,26b5WT2k,Test
rwRJfwwYYR9pRq,26b5WT2k,Test
rwRJfwwYYR9pRq,26b5WT2k,Test
rwRJfwwYYR9pRq,26b5WT2k,Test
rwRJfwwYYR9pRq,26b5WT2k,Test
rwRJfwwYYR9pRq,26b5WT2k,Test
rwRJfwwYYR9pRq,26b5WT2k,Test
rwRJfwwYYR9pRq,26b5WT2k,Test
rwRJfwwYYR9pRq,26b5WT2k,Test
rwRJfwwYYR9pRq,26b5WT2k,Test
rwRJfwwYYR9pRq,26b5WT2k,Test
rwRJfwwYYR9pRq,26b5WT2k,Test
rwRJfwwYYR9pRq,26b5WT2k,Test
rwRJfwwYYR9pRq,26b5WT2k,Test
rwRJfwwYYR9pRq,26b5WT2k,Test
rwRJfwwYYR9pRq,26b5WT2k,Test
rwRJfwwYYR9pRq,26b5WT2k,Test
rwRJfwwYYR9pRq,26b5WT2k,Test
rwRJfwwYYR9pRq,26b5WT2k,Test
rwRJfwwYYR9pRq,26b5WT2k,Test
rwRJfwwYYR9pRq,26b5WT2k,Test
rwRJfwwYYR9pRq,26b5WT2k,Test
rwRJfwwYYR9pRq,26b5WT2k,Test
rwRJfwwYYR9pRq,26b5WT2k,Test
rwRJfwwYYR9pRq,26b5WT2k,Test
rwRJfwwYYR9pRq,26b5WT2k,Test
rwRJfwwYYR9pRq,26b5WT2k,Test
rwRJfwwYYR9pRq,26b5WT2k,Test
rwRJfwwYYR9pRq,26b5WT2k,Test
rwRJfwwYYR9pRq,26b5WT2k,Test
rwRJfwwYYR9pRq,26b5WT2k,Test
rwRJfwwYYR9pRq,26b5WT2k,Test
rwRJfwwYYR9pRq,26b5WT2k,Test
rwRJfwwYYR9pRq,26b5WT2k,Test
rwRJfwwYYR9pRq,26b5WT2k,Test
rwRJfwwYYR9pRq,26b5WT2k,Test
rwRJfwwYYR9pRq,26b5WT2k,Test
rwRJfwwYYR9pRq,26b5WT2k,Test
rwRJfwwYYR9pRq,26b5WT2k,Test
rwRJfwwYYR9pRq,26b5WT2k,Test
rwRJfwwYYR9pRq,26b5WT2k,Test
rwRJfwwYYR9pRq,26b5WT2k,Test
rwRJfwwYYR9pRq,26b5WT2k,Test
rwRJfwwYYR9pRq,26b5WT2k,Test
rwRJfwwYYR9pRq,26b5WT2k,Test
rwRJfwwYYR9pRq,26b5WT2k,Test
rwRJfwwYYR9pRq,26b5WT2k,Test
rwRJfwwYYR9pRq,26b5WT2k,Test
rwRJfwwYYR9pRq,26b5WT2k,Test
rwRJfwwYYR9pRq,26b5WT2k,Test
rwRJfwwYYR9pRq,26b5WT2k,Test
rwRJfwwYYR9pRq,26b5WT2k,Test
rwRJfwwYYR9pRq,26b5WT2k,Test
rwRJfwwYYR9pRq,26b5WT2k,Test
rwRJfwwYYR9pRq,26b5WT2k,Test
rwRJfwwYYR9pRq,26b5WT2k,Test
rwRJfwwYYR9pRq,26b5WT2k,Test
rwRJfwwYYR9pRq,26b5WT2k,Test
rwRJfwwYYR9pRq,26b5WT2k,Test
rwRJfwwYYR9pRq,26b5WT2k,Test
rwRJfwwYYR9pRq,26b5WT2k,Test
rwRJfwwYYR9pRq,26b5WT2k,Test
rwRJfwwYYR9pRq,26b5WT2k,Test
rwRJfwwYYR9pRq,26b5WT2k,Test
rwRJfwwYYR9pRq,26b5WT2k,Test
rwRJfwwYYR9pRq,26b5WT2k,Test
rwRJfwwYYR9pRq,26b5WT2k,Test
rwRJfwwYYR9pRq,26b5WT2k,Test
rwRJfwwYYR9pRq,26b5WT2k,Test
rwRJfwwYYR9pRq,26b5WT2k,Test
rwRJfwwYYR9pRq,26b5WT2k,Test
rwRJfwwYYR9pRq,26b5WT2k,Test
rwRJfwwYYR9pRq,26b5WT2k,Test
rwRJfwwYYR9pRq,26b5WT2k,Test
rwRJfwwYYR9pRq,26b5WT2k,Test
rwRJfwwYYR9pRq,26b5WT2k,Test
rwRJfwwYYR9pRq,26b5WT2k,Test
rwRJfwwYYR9pRq,26b5WT2k,Test
rwRJfwwYYR9pRq,26b5WT2k,Test
rwRJfwwYYR9pRq,26b5WT2k,Test
rwRJfwwYYR9pRq,26b5WT2k,Test
rwRJfwwYYR9pRq,26b5WT2k,Test
rwRJfwwYYR9pRq,26b5WT2k,Test
rwRJfwwYYR9pRq,26b5WT2k,Test
rwRJfwwYYR9pRq,26b5WT2k,Test
rwRJfwwYYR9pRq,26b5WT2k,Test
rwRJfwwYYR9pRq,26b5WT2k,Test
rwRJfwwYYR9pRq,26b5WT2k,Test
rwRJfwwYYR9pRq,26b5WT2k,Test
rwRJfwwYYR9pRq,26b5WT2k,Test
rwRJfwwYYR9pRq,26b5WT2k,Test
rwRJfwwYYR9pRq,26b5WT2k,Test
rwRJfwwYYR9pRq,26b5WT2k,Test
rwRJfwwYYR9pRq,26b5WT2k,Test
rwRJfwwYYR9pRq,26b5WT2k,Test
rwRJfwwYYR9pRq,26b5WT2k,Test
rwRJfwwYYR9pRq,26b5WT2k,Test
rwRJfwwYYR9pRq,26b5WT2k,Test
rwRJfwwYYR9pRq,26b5WT2k,Test
rwRJfwwYYR9pRq,26b5WT2k,Test
rwRJfwwYYR9pRq,26b5WT2k,Test
rwRJfwwYYR9pRq,26b5WT2k,Test
rwRJfwwYYR9pRq,26b5WT2k,Test
rwRJfwwYYR9pRq,26b5WT2k,Test
rwRJfwwYYR9pRq,26b5WT2k,Test
rwRJfwwYYR9pRq,26b5WT2k,Test
rwRJfwwYYR9pRq,26b5WT2k,Test
rwRJfwwYYR9pRq,26b5WT2k,Test
rwRJfwwYYR9pRq,26b5WT2k,Test
rwRJfwwYYR9pRq,26b5WT2k,Test
rwRJfwwYYR9pRq,26b5WT2k,Test
rwRJfwwYYR9pRq,26b5WT2k,Test
rwRJfwwYYR9pRq,26b5WT2k,Test
rwRJfwwYYR9pRq,26b5WT2k,Test
rwRJfwwYYR9pRq,26b5WT2k,Test
rwRJfwwYYR9pRq,26b5WT2k,Test
rwRJfwwYYR9pRq,26b5WT2k,Test
rwRJfwwYYR9pRq,26b5WT2k,Test
rwRJfwwYYR9pRq,26b5WT2k,Test
rwRJfwwYYR9pRq,26b5WT2k,Test
rwRJfwwYYR9pRq,26b5WT2k,Test
rwRJfwwYYR9pRq,26b5WT2k,Test
rwRJfwwYYR9pRq,26b5WT2k,Test
rwRJfwwYYR9pRq,26b5WT2k,Test
rwRJfwwYYR9pRq,26b5WT2k,Test
rwRJfwwYYR9pRq,26b5WT2k,Test
rwRJfwwYYR9pRq,26b5WT2k,Test
rwRJfwwYYR9pRq,26b5WT2k,Test
rwRJfwwYYR9pRq,26b5WT2k,Test
rwRJfwwYYR9pRq,26b5WT2k,Test
rwRJfwwYYR9pRq,26b5WT2k,Test
rwRJfwwYYR9pRq,26b5WT2k,Test
rwRJfwwYYR9pRq,26b5WT2k,Test
rwRJfwwYYR9pRq,26b5WT2k,Test
rwRJfwwYYR9pRq,26b5WT2k,Test
rwRJfwwYYR9pRq,26b5WT2k,Test
rwRJfwwYYR9pRq,26b5WT2k,Test
rwRJfwwYYR9pRq,26b5WT2k,Test
rwRJfwwYYR9pRq,26b5WT2k,Test
rwRJfwwYYR9pRq,26b5WT2k,Test
rwRJfwwYYR9pRq,26b5WT2k,Test
rwRJfwwYYR9pRq,26b5WT2k,Test
rwRJfwwYYR9pRq,26b5WT2k,Test
rwRJfwwYYR9pRq,26b5WT2k,Test
rwRJfwwYYR9pRq,26b5WT2k,Test
rwRJfwwYYR9pRq,26b5WT2k,Test
rwRJfwwYYR9pRq,26b5WT2k,Test
rwRJfwwYYR9pRq,26b5WT2k,Test
rwRJfwwYYR9pRq,26b5WT2k,Test
rwRJfwwYYR9pRq,26b5WT2k,Test
rwRJfwwYYR9pRq,26b5WT2k,Test
rwRJfwwYYR9pRq,26b5WT2k,Test
rwRJfwwYYR9pRq,26b5WT2k,Test
rwRJfwwYYR9pRq,26b5WT2k,Test
rwRJfwwYYR9pRq,26b5WT2k,Test
rwRJfwwYYR9pRq,26b5WT2k,Test
rwRJfwwYYR9pRq,26b5WT2k,Test
rwRJfwwYYR9pRq,26b5WT2k,Test
rwRJfwwYYR9pRq,26b5WT2k,Test
rwRJfwwYYR9pRq,26b5WT2k,Test
rwRJfwwYYR9pRq,26b5WT2k,Test
rwRJfwwYYR9pRq,26b5WT2k,Test
rwRJfwwYYR9pRq,26b5WT2k,Test
rwRJfwwYYR9pRq,26b5WT2k,Test
rwRJfwwYYR9pRq,26b5WT2k,Test
rwRJfwwYYR9pRq,26b5WT2k,Test
rwRJfwwYYR9pRq,26b5WT2k,Test
rwRJfwwYYR9pRq,26b5WT2k,Test
rwRJfwwYYR9pRq,26b5WT2k,Test
rwRJfwwYYR9pRq,26b5WT2k,Test
rwRJfwwYYR9pRq,26b5WT2k,Test
rwRJfwwYYR9pRq,26b5WT2k,Test
rwRJfwwYYR9pRq,26b5WT2k,Test
rwRJfwwYYR9pRq,26b5WT2k,Test
rwRJfwwYYR9pRq,26b5WT2k,Test
rwRJfwwYYR9pRq,26b5WT2k,Test
rwRJfwwYYR9pRq,26b5WT2k,Test
rwRJfwwYYR9pRq,26b5WT2k,Test
rwRJfwwYYR9pRq,26b5WT2k,Test
rwRJfwwYYR9pRq,26b5WT2k,Test
rwRJfwwYYR9pRq,26b5WT2k,Test
rwRJfwwYYR9pRq,26b5WT2k,Test
rwRJfwwYYR9pRq,26b5WT2k,Test
rwRJfwwYYR9pRq,26b5WT2k,Test
rwRJfwwYYR9pRq,26b5WT2k,Test
rwRJfwwYYR9pRq,26b5WT2k,Test
rwRJfwwYYR9pRq,26b5WT2k,Test
rwRJfwwYYR9pRq,26b5WT2k,Test
rwRJfwwYYR9pRq,26b5WT2k,Test
rwRJfwwYYR9pRq,26b5WT2k,Test
rwRJfwwYYR9pRq,26b5WT2k,Test
rwRJfwwYYR9pRq,26b5WT2k,Test
rwRJfwwYYR9pRq,26b5WT2k,Test
rwRJfwwYYR9pRq,26b5WT2k,Test
rwRJfwwYYR9pRq,26b5WT2k,Test
rwRJfwwYYR9pRq,26b5WT2k,Test
rwRJfwwYYR9pRq,26b5WT2k,Test
rwRJfwwYYR9pRq,26b5WT2k,Test
rwRJfwwYYR9pRq,26b5WT2k,Test
rwRJfwwYYR9pRq,26b5WT2k,Test
rwRJfwwYYR9pRq,26b5WT2k,Test
rwRJfwwYYR9pRq,26b5WT2k,Test
rwRJfwwYYR9pRq,26b5WT2k,Test
rwRJfwwYYR9pRq,26b5WT2k,Test
rwRJfwwYYR9pRq,26b5WT2k,Test
rwRJfwwYYR9pRq,26b5WT2k,Test
rwRJfwwYYR9pRq,26b5WT2k,Test
rwRJfwwYYR9pRq,26b5WT2k,Test
rwRJfwwYYR9pRq,26b5WT2k,Test
rwRJfwwYYR9pRq,26b5WT2k,Test
rwRJfwwYYR9pRq,26b5WT2k,Test
rwRJfwwYYR9pRq,26b5WT2k,Test
rwRJfwwYYR9pRq,26b5WT2k,Test
rwRJfwwYYR9pRq,26b5WT2k,Test
rwRJfwwYYR9pRq,26b5WT2k,Test
rwRJfwwYYR9pRq,26b5WT2k,Test
rwRJfwwYYR9pRq,26b5WT2k,Test
rwRJfwwYYR9pRq,26b5WT2k,Test
rwRJfwwYYR9pRq,26b5WT2k,Test
rwRJfwwYYR9pRq,26b5WT2k,Test
rwRJfwwYYR9pRq,26b5WT2k,Test
rwRJfwwYYR9pRq,26b5WT2k,Test
rwRJfwwYYR9pRq,26b5WT2k,Test
rwRJfwwYYR9pRq,26b5WT2k,Test
rwRJfwwYYR9pRq,26b5WT2k,Test
rwRJfwwYYR9pRq,26b5WT2k,Test
rwRJfwwYYR9pRq,26b5WT2k,Test
rwRJfwwYYR9pRq,26b5WT2k,Test
rwRJfwwYYR9pRq,26b5WT2k,Test
rwRJfwwYYR9pRq,26b5WT2k,Test
rwRJfwwYYR9pRq,26b5WT2k,Test
rwRJfwwYYR9pRq,26b5WT2k,Test
rwRJfwwYYR9pRq,26b5WT2k,Test
rwRJfwwYYR9pRq,26b5WT2k,Test
rwRJfwwYYR9pRq,26b5WT2k,Test
rwRJfwwYYR9pRq,26b5WT2k,Test
rwRJfwwYYR9pRq,26b5WT2k,Test
rwRJfwwYYR9pRq,26b5WT2k,Test
rwRJfwwYYR9pRq,26b5WT2k,Test
rwRJfwwYYR9pRq,26b5WT2k,Test
rwRJfwwYYR9pRq,26b5WT2k,Test
rwRJfwwYYR9pRq,26b5WT2k,Test
rwRJfwwYYR9pRq,26b5WT2k,Test
rwRJfwwYYR9pRq,26b5WT2k,Test
rwRJfwwYYR9pRq,26b5WT2k,Test
rwRJfwwYYR9pRq,26b5WT2k,Test
rwRJfwwYYR9pRq,26b5WT2k,Test
rwRJfwwYYR9pRq,26b5WT2k,Test
rwRJfwwYYR9pRq,26b5WT2k,Test
rwRJfwwYYR9pRq,26b5WT2k,Test
rwRJfwwYYR9pRq,26b5WT2k,Test
rwRJfwwYYR9pRq,26b5WT2k,Test
rwRJfwwYYR9pRq,26b5WT2k,Test
rwRJfwwYYR9pRq,26b5WT2k,Test
rwRJfwwYYR9pRq,26b5WT2k,Test
rwRJfwwYYR9pRq,26b5WT2k,Test
rwRJfwwYYR9pRq,26b5WT2k,Test
rwRJfwwYYR9pRq,26b5WT2k,Test
rwRJfwwYYR9pRq,26b5WT2k,Test
rwRJfwwYYR9pRq,26b5WT2k,Test
rwRJfwwYYR9pRq,26b5WT2k,Test
rwRJfwwYYR9pRq,26b5WT2k,Test
rwRJfwwYYR9pRq,26b5WT2k,Test
rwRJfwwYYR9pRq,26b5WT2k,Test
rwRJfwwYYR9pRq,26b5WT2k,Test
rwRJfwwYYR9pRq,26b5WT2k,Test
rwRJfwwYYR9pRq,26b5WT2k,Test
rwRJfwwYYR9pRq,26b5WT2k,Test
rwRJfwwYYR9pRq,26b5WT2k,Test
rwRJfwwYYR9pRq,26b5WT2k,Test
rwRJfwwYYR9pRq,26b5WT2k,Test
rwRJfwwYYR9pRq,26b5WT2k,Test
rwRJfwwYYR9pRq,26b5WT2k,Test
rwRJfwwYYR9pRq,26b5WT2k,Test
rwRJfwwYYR9pRq,26b5WT2k,Test
rwRJfwwYYR9pRq,26b5WT2k,Test
rwRJfwwYYR9pRq,26b5WT2k,Test
rwRJfwwYYR9pRq,26b5WT2k,Test
rwRJfwwYYR9pRq,26b5WT2k,Test
rwRJfwwYYR9pRq,26b5WT2k,Test
rwRJfwwYYR9pRq,26b5WT2k,Test
rwRJfwwYYR9pRq,26b5WT2k,Test
rwRJfwwYYR9pRq,26b5WT2k,Test
rwRJfwwYYR9pRq,26b5WT2k,Test
rwRJfwwYYR9pRq,26b5WT2k,Test
rwRJfwwYYR9pRq,26b5WT2k,Test
rwRJfwwYYR9pRq,26b5WT2k,Test
rwRJfwwYYR9pRq,26b5WT2k,Test
rwRJfwwYYR9pRq,26b5WT2k,Test
rwRJfwwYYR9pRq,26b5WT2k,Test
rwRJfwwYYR9pRq,26b5WT2k,Test
rwRJfwwYYR9pRq,26b5WT2k,Test
rwRJfwwYYR9pRq,26b5WT2k,Test
rwRJfwwYYR9pRq,26b5WT2k,Test
rwRJfwwYYR9pRq,26b5WT2k,Test
rwRJfwwYYR9pRq,26b5WT2k,Test
rwRJfwwYYR9pRq,26b5WT2k,Test
rwRJfwwYYR9pRq,26b5WT2k,Test
rwRJfwwYYR9pRq,26b5WT2k,Test
rwRJfwwYYR9pRq,26b5WT2k,Test
rwRJfwwYYR9pRq,26b5WT2k,Test
rwRJfwwYYR9pRq,26b5WT2k,Test
rwRJfwwYYR9pRq,26b5WT2k,Test
rwRJfwwYYR9pRq,26b5WT2k,Test
rwRJfwwYYR9pRq,26b5WT2k,Test
rwRJfwwYYR9pRq,26b5WT2k,Test
rwRJfwwYYR9pRq,26b5WT2k,Test
rwRJfwwYYR9pRq,26b5WT2k,Test
rwRJfwwYYR9pRq,26b5WT2k,Test
rwRJfwwYYR9pRq,26b5WT2k,Test
rwRJfwwYYR9pRq,26b5WT2k,Test
rwRJfwwYYR9pRq,26b5WT2k,Test
rwRJfwwYYR9pRq,26b5WT2k,Test
rwRJfwwYYR9pRq,26b5WT2k,Test
rwRJfwwYYR9pRq,26b5WT2k,Test
rwRJfwwYYR9pRq,26b5WT2k,Test
rwRJfwwYYR9pRq,26b5WT2k,Test
rwRJfwwYYR9pRq,26b5WT2k,Test
rwRJfwwYYR9pRq,26b5WT2k,Test
rwRJfwwYYR9pRq,26b5WT2k,Test
rwRJfwwYYR9pRq,26b5WT2k,Test
rwRJfwwYYR9pRq,26b5WT2k,Test
rwRJfwwYYR9pRq,26b5WT2k,Test
rwRJfwwYYR9pRq,26b5WT2k,Test
rwRJfwwYYR9pRq,26b5WT2k,Test
rwRJfwwYYR9pRq,26b5WT2k,Test
rwRJfwwYYR9pRq,26b5WT2k,Test
rwRJfwwYYR9pRq,26b5WT2k,Test
rwRJfwwYYR9pRq,26b5WT2k,Test
rwRJfwwYYR9pRq,26b5WT2k,Test
rwRJfwwYYR9pRq,26b5WT2k,Test
rwRJfwwYYR9pRq,26b5WT2k,Test
rwRJfwwYYR9pRq,26b5WT2k,Test
rwRJfwwYYR9pRq,26b5WT2k,Test
rwRJfwwYYR9pRq,26b5WT2k,Test
rwRJfwwYYR9pRq,26b5WT2k,Test
rwRJfwwYYR9pRq,26b5WT2k,Test
rwRJfwwYYR9pRq,26b5WT2k,Test
rwRJfwwYYR9pRq,26b5WT2k,Test
rwRJfwwYYR9pRq,26b5WT2k,Test
rwRJfwwYYR9pRq,26b5WT2k,Test
rwRJfwwYYR9pRq,26b5WT2k,Test
rwRJfwwYYR9pRq,26b5WT2k,Test
rwRJfwwYYR9pRq,26b5WT2k,Test
rwRJfwwYYR9pRq,26b5WT2k,Test
rwRJfwwYYR9pRq,26b5WT2k,Test
rwRJfwwYYR9pRq,26b5WT2k,Test
rwRJfwwYYR9pRq,26b5WT2k,Test
rwRJfwwYYR9pRq,26b5WT2k,Test
rwRJfwwYYR9pRq,26b5WT2k,Test
rwRJfwwYYR9pRq,26b5WT2k,Test
rwRJfwwYYR9pRq,26b5WT2k,Test
rwRJfwwYYR9pRq,26b5WT2k,Test
rwRJfwwYYR9pRq,26b5WT2k,Test
rwRJfwwYYR9pRq,26b5WT2k,Test
rwRJfwwYYR9pRq,26b5WT2k,Test
rwRJfwwYYR9pRq,26b5WT2k,Test
rwRJfwwYYR9pRq,26b5WT2k,Test
rwRJfwwYYR9pRq,26b5WT2k,Test
rwRJfwwYYR9pRq,26b5WT2k,Test
rwRJfwwYYR9pRq,26b5WT2k,Test
rwRJfwwYYR9pRq,26b5WT2k,Test
rwRJfwwYYR9pRq,26b5WT2k,Test
rwRJfwwYYR9pRq,26b5WT2k,Test
rwRJfwwYYR9pRq,26b5WT2k,Test
rwRJfwwYYR9pRq,26b5WT2k,Test
rwRJfwwYYR9pRq,26b5WT2k,Test
rwRJfwwYYR9pRq,26b5WT2k,Test
rwRJfwwYYR9pRq,26b5WT2k,Test
rwRJfwwYYR9pRq,26b5WT2k,Test
rwRJfwwYYR9pRq,26b5WT2k,Test
rwRJfwwYYR9pRq,26b5WT2k,Test
rwRJfwwYYR9pRq,26b5WT2k,Test
rwRJfwwYYR9pRq,26b5WT2k,Test
rwRJfwwYYR9pRq,26b5WT2k,Test
rwRJfwwYYR9pRq,26b5WT2k,Test
rwRJfwwYYR9pRq,26b5WT2k,Test
rwRJfwwYYR9pRq,26b5WT2k,Test
rwRJfwwYYR9pRq,26b5WT2k,Test
rwRJfwwYYR9pRq,26b5WT2k,Test
rwRJfwwYYR9pRq,26b5WT2k,Test
rwRJfwwYYR9pRq,26b5WT2k,Test
rwRJfwwYYR9pRq,26b5WT2k,Test
rwRJfwwYYR9pRq,26b5WT2k,Test
rwRJfwwYYR9pRq,26b5WT2k,Test
rwRJfwwYYR9pRq,26b5WT2k,Test
rwRJfwwYYR9pRq,26b5WT2k,Test
rwRJfwwYYR9pRq,26b5WT2k,Test
rwRJfwwYYR9pRq,26b5WT2k,Test
rwRJfwwYYR9pRq,26b5WT2k,Test
rwRJfwwYYR9pRq,26b5WT2k,Test
rwRJfwwYYR9pRq,26b5WT2k,Test
rwRJfwwYYR9pRq,26b5WT2k,Test
rwRJfwwYYR9pRq,26b5WT2k,Test
rwRJfwwYYR9pRq,26b5WT2k,Test
rwRJfwwYYR9pRq,26b5WT2k,Test
rwRJfwwYYR9pRq,26b5WT2k,Test
rwRJfwwYYR9pRq,26b5WT2k,Test
rwRJfwwYYR9pRq,26b5WT2k,Test
rwRJfwwYYR9pRq,26b5WT2k,Test
rwRJfwwYYR9pRq,26b5WT2k,Test
rwRJfwwYYR9pRq,26b5WT2k,Test
rwRJfwwYYR9pRq,26b5WT2k,Test
rwRJfwwYYR9pRq,26b5WT2k,Test
rwRJfwwYYR9pRq,26b5WT2k,Test
rwRJfwwYYR9pRq,26b5WT2k,Test
rwRJfwwYYR9pRq,26b5WT2k,Test
rwRJfwwYYR9pRq,26b5WT2k,Test
rwRJfwwYYR9pRq,26b5WT2k,Test
rwRJfwwYYR9pRq,26b5WT2k,Test
rwRJfwwYYR9pRq,26b5WT2k,Test
rwRJfwwYYR9pRq,26b5WT2k,Test
rwRJfwwYYR9pRq,26b5WT2k,Test
rwRJfwwYYR9pRq,26b5WT2k,Test
rwRJfwwYYR9pRq,26b5WT2k,Test
rwRJfwwYYR9pRq,26b5WT2k,Test
rwRJfwwYYR9pRq,26b5WT2k,Test
rwRJfwwYYR9pRq,26b5WT2k,Test
rwRJfwwYYR9pRq,26b5WT2k,Test
rwRJfwwYYR9pRq,26b5WT2k,Test
rwRJfwwYYR9pRq,26b5WT2k,Test
rwRJfwwYYR9pRq,26b5WT2k,Test
rwRJfwwYYR9pRq,26b5WT2k,Test
rwRJfwwYYR9pRq,26b5WT2k,Test
rwRJfwwYYR9pRq,26b5WT2k,Test
rwRJfwwYYR9pRq,26b5WT2k,Test
rwRJfwwYYR9pRq,26b5WT2k,Test
rwRJfwwYYR9pRq,26b5WT2k,Test
rwRJfwwYYR9pRq,26b5WT2k,Test
rwRJfwwYYR9pRq,26b5WT2k,Test
rwRJfwwYYR9pRq,26b5WT2k,Test
rwRJfwwYYR9pRq,26b5WT2k,Test
rwRJfwwYYR9pRq,26b5WT2k,Test
rwRJfwwYYR9pRq,26b5WT2k,Test
rwRJfwwYYR9pRq,26b5WT2k,Test
rwRJfwwYYR9pRq,26b5WT2k,Test
rwRJfwwYYR9pRq,26b5WT2k,Test
rwRJfwwYYR9pRq,26b5WT2k,Test
rwRJfwwYYR9pRq,26b5WT2k,Test
rwRJfwwYYR9pRq,26b5WT2k,Test
rwRJfwwYYR9pRq,26b5WT2k,Test
rwRJfwwYYR9pRq,26b5WT2k,Test
rwRJfwwYYR9pRq,26b5WT2k,Test
rwRJfwwYYR9pRq,26b5WT2k,Test
rwRJfwwYYR9pRq,26b5WT2k,Test
rwRJfwwYYR9pRq,26b5WT2k,Test
rwRJfwwYYR9pRq,26b5WT2k,Test
rwRJfwwYYR9pRq,26b5WT2k,Test
rwRJfwwYYR9pRq,26b5WT2k,Test
rwRJfwwYYR9pRq,26b5WT2k,Test
rwRJfwwYYR9pRq,26b5WT2k,Test
rwRJfwwYYR9pRq,26b5WT2k,Test
rwRJfwwYYR9pRq,26b5WT2k,Test
rwRJfwwYYR9pRq,26b5WT2k,Test
rwRJfwwYYR9pRq,26b5WT2k,Test
rwRJfwwYYR9pRq,26b5WT2k,Test
rwRJfwwYYR9pRq,26b5WT2k,Test
rwRJfwwYYR9pRq,26b5WT2k,Test
rwRJfwwYYR9pRq,26b5WT2k,Test
rwRJfwwYYR9pRq,26b5WT2k,Test
rwRJfwwYYR9pRq,26b5WT2k,Test
rwRJfwwYYR9pRq,26b5WT2k,Test
rwRJfwwYYR9pRq,26b5WT2k,Test
rwRJfwwYYR9pRq,26b5WT2k,Test
rwRJfwwYYR9pRq,26b5WT2k,Test
rwRJfwwYYR9pRq,26b5WT2k,Test
rwRJfwwYYR9pRq,26b5WT2k,Test
rwRJfwwYYR9pRq,26b5WT2k,Test
rwRJfwwYYR9pRq,26b5WT2k,Test
rwRJfwwYYR9pRq,26b5WT2k,Test
rwRJfwwYYR9pRq,26b5WT2k,Test
rwRJfwwYYR9pRq,26b5WT2k,Test
rwRJfwwYYR9pRq,26b5WT2k,Test
rwRJfwwYYR9pRq,26b5WT2k,Test
rwRJfwwYYR9pRq,26b5WT2k,Test
rwRJfwwYYR9pRq,26b5WT2k,Test
rwRJfwwYYR9pRq,26b5WT2k,Test
rwRJfwwYYR9pRq,26b5WT2k,Test
rwRJfwwYYR9pRq,26b5WT2k,Test
rwRJfwwYYR9pRq,26b5WT2k,Test
rwRJfwwYYR9pRq,26b5WT2k,Test
rwRJfwwYYR9pRq,26b5WT2k,Test
rwRJfwwYYR9pRq,26b5WT2k,Test
rwRJfwwYYR9pRq,26b5WT2k,Test
rwRJfwwYYR9pRq,26b5WT2k,Test
rwRJfwwYYR9pRq,26b5WT2k,Test
rwRJfwwYYR9pRq,26b5WT2k,Test
rwRJfwwYYR9pRq,26b5WT2k,Test
rwRJfwwYYR9pRq,26b5WT2k,Test
rwRJfwwYYR9pRq,26b5WT2k,Test
rwRJfwwYYR9pRq,26b5WT2k,Test
rwRJfwwYYR9pRq,26b5WT2k,Test
rwRJfwwYYR9pRq,26b5WT2k,Test
rwRJfwwYYR9pRq,26b5WT2k,Test
rwRJfwwYYR9pRq,26b5WT2k,Test
rwRJfwwYYR9pRq,26b5WT2k,Test
rwRJfwwYYR9pRq,26b5WT2k,Test
rwRJfwwYYR9pRq,26b5WT2k,Test
rwRJfwwYYR9pRq,26b5WT2k,Test
rwRJfwwYYR9pRq,26b5WT2k,Test
rwRJfwwYYR9pRq,26b5WT2k,Test
rwRJfwwYYR9pRq,26b5WT2k,Test
rwRJfwwYYR9pRq,26b5WT2k,Test
rwRJfwwYYR9pRq,26b5WT2k,Test
rwRJfwwYYR9pRq,26b5WT2k,Test
rwRJfwwYYR9pRq,26b5WT2k,Test
rwRJfwwYYR9pRq,26b5WT2k,Test
rwRJfwwYYR9pRq,26b5WT2k,Test
rwRJfwwYYR9pRq,26b5WT2k,Test
rwRJfwwYYR9pRq,26b5WT2k,Test
rwRJfwwYYR9pRq,26b5WT2k,Test
rwRJfwwYYR9pRq,26b5WT2k,Test
rwRJfwwYYR9pRq,26b5WT2k,Test
rwRJfwwYYR9pRq,26b5WT2k,Test
rwRJfwwYYR9pRq,26b5WT2k,Test
rwRJfwwYYR9pRq,26b5WT2k,Test
rwRJfwwYYR9pRq,26b5WT2k,Test
rwRJfwwYYR9pRq,26b5WT2k,Test
rwRJfwwYYR9pRq,26b5WT2k,Test
rwRJfwwYYR9pRq,26b5WT2k,Test
rwRJfwwYYR9pRq,26b5WT2k,Test
rwRJfwwYYR9pRq,26b5WT2k,Test
rwRJfwwYYR9pRq,26b5WT2k,Test
rwRJfwwYYR9pRq,26b5WT2k,Test
rwRJfwwYYR9pRq,26b5WT2k,Test
rwRJfwwYYR9pRq,26b5WT2k,Test
rwRJfwwYYR9pRq,26b5WT2k,Test
rwRJfwwYYR9pRq,26b5WT2k,Test
rwRJfwwYYR9pRq,26b5WT2k,Test
rwRJfwwYYR9pRq,26b5WT2k,Test
rwRJfwwYYR9pRq,26b5WT2k,Test
rwRJfwwYYR9pRq,26b5WT2k,Test
rwRJfwwYYR9pRq,26b5WT2k,Test
rwRJfwwYYR9pRq,26b5WT2k,Test
rwRJfwwYYR9pRq,26b5WT2k,Test
rwRJfwwYYR9pRq,26b5WT2k,Test
rwRJfwwYYR9pRq,26b5WT2k,Test
rwRJfwwYYR9pRq,26b5WT2k,Test
rwRJfwwYYR9pRq,26b5WT2k,Test
rwRJfwwYYR9pRq,26b5WT2k,Test
rwRJfwwYYR9pRq,26b5WT2k,Test
rwRJfwwYYR9pRq,26b5WT2k,Test
rwRJfwwYYR9pRq,26b5WT2k,Test
rwRJfwwYYR9pRq,26b5WT2k,Test
rwRJfwwYYR9pRq,26b5WT2k,Test
rwRJfwwYYR9pRq,26b5WT2k,Test
rwRJfwwYYR9pRq,26b5WT2k,Test
rwRJfwwYYR9pRq,26b5WT2k,Test
rwRJfwwYYR9pRq,26b5WT2k,Test
rwRJfwwYYR9pRq,26b5WT2k,Test
rwRJfwwYYR9pRq,26b5WT2k,Test
rwRJfwwYYR9pRq,26b5WT2k,Test
rwRJfwwYYR9pRq,26b5WT2k,Test
rwRJfwwYYR9pRq,26b5WT2k,Test
rwRJfwwYYR9pRq,26b5WT2k,Test
rwRJfwwYYR9pRq,26b5WT2k,Test
rwRJfwwYYR9pRq,26b5WT2k,Test
rwRJfwwYYR9pRq,26b5WT2k,Test
rwRJfwwYYR9pRq,26b5WT2k,Test
rwRJfwwYYR9pRq,26b5WT2k,Test
rwRJfwwYYR9pRq,26b5WT2k,Test
rwRJfwwYYR9pRq,26b5WT2k,Test
rwRJfwwYYR9pRq,26b5WT2k,Test
rwRJfwwYYR9pRq,26b5WT2k,Test
rwRJfwwYYR9pRq,26b5WT2k,Test
rwRJfwwYYR9pRq,26b5WT2k,Test
rwRJfwwYYR9pRq,26b5WT2k,Test
rwRJfwwYYR9pRq,26b5WT2k,Test
rwRJfwwYYR9pRq,26b5WT2k,Test
rwRJfwwYYR9pRq,26b5WT2k,Test
rwRJfwwYYR9pRq,26b5WT2k,Test
rwRJfwwYYR9pRq,26b5WT2k,Test
rwRJfwwYYR9pRq,26b5WT2k,Test
rwRJfwwYYR9pRq,26b5WT2k,Test
rwRJfwwYYR9pRq,26b5WT2k,Test
rwRJfwwYYR9pRq,26b5WT2k,Test
rwRJfwwYYR9pRq,26b5WT2k,Test
rwRJfwwYYR9pRq,26b5WT2k,Test
rwRJfwwYYR9pRq,26b5WT2k,Test
rwRJfwwYYR9pRq,26b5WT2k,Test
rwRJfwwYYR9pRq,26b5WT2k,Test
rwRJfwwYYR9pRq,26b5WT2k,Test
rwRJfwwYYR9pRq,26b5WT2k,Test
rwRJfwwYYR9pRq,26b5WT2k,Test
rwRJfwwYYR9pRq,26b5WT2k,Test
rwRJfwwYYR9pRq,26b5WT2k,Test
rwRJfwwYYR9pRq,26b5WT2k,Test
rwRJfwwYYR9pRq,26b5WT2k,Test
rwRJfwwYYR9pRq,26b5WT2k,Test
rwRJfwwYYR9pRq,26b5WT2k,Test
rwRJfwwYYR9pRq,26b5WT2k,Test
rwRJfwwYYR9pRq,26b5WT2k,Test
rwRJfwwYYR9pRq,26b5WT2k,Test
rwRJfwwYYR9pRq,26b5WT2k,Test
rwRJfwwYYR9pRq,26b5WT2k,Test
rwRJfwwYYR9pRq,26b5WT2k,Test
rwRJfwwYYR9pRq,26b5WT2k,Test
rwRJfwwYYR9pRq,26b5WT2k,Test
rwRJfwwYYR9pRq,26b5WT2k,Test
rwRJfwwYYR9pRq,26b5WT2k,Test
rwRJfwwYYR9pRq,26b5WT2k,Test
rwRJfwwYYR9pRq,26b5WT2k,Test
rwRJfwwYYR9pRq,26b5WT2k,Test
rwRJfwwYYR9pRq,26b5WT2k,Test
rwRJfwwYYR9pRq,26b5WT2k,Test
rwRJfwwYYR9pRq,26b5WT2k,Test
rwRJfwwYYR9pRq,26b5WT2k,Test
rwRJfwwYYR9pRq,26b5WT2k,Test
rwRJfwwYYR9pRq,26b5WT2k,Test
rwRJfwwYYR9pRq,26b5WT2k,Test
rwRJfwwYYR9pRq,26b5WT2k,Test
rwRJfwwYYR9pRq,26b5WT2k,Test
rwRJfwwYYR9pRq,26b5WT2k,Test
rwRJfwwYYR9pRq,26b5WT2k,Test
rwRJfwwYYR9pRq,26b5WT2k,Test
rwRJfwwYYR9pRq,26b5WT2k,Test
rwRJfwwYYR9pRq,26b5WT2k,Test
rwRJfwwYYR9pRq,26b5WT2k,Test
rwRJfwwYYR9pRq,26b5WT2k,Test
rwRJfwwYYR9pRq,26b5WT2k,Test
rwRJfwwYYR9pRq,26b5WT2k,Test
rwRJfwwYYR9pRq,26b5WT2k,Test
rwRJfwwYYR9pRq,26b5WT2k,Test
rwRJfwwYYR9pRq,26b5WT2k,Test
rwRJfwwYYR9pRq,26b5WT2k,Test
rwRJfwwYYR9pRq,26b5WT2k,Test
rwRJfwwYYR9pRq,26b5WT2k,Test
rwRJfwwYYR9pRq,26b5WT2k,Test
rwRJfwwYYR9pRq,26b5WT2k,Test
rwRJfwwYYR9pRq,26b5WT2k,Test
rwRJfwwYYR9pRq,26b5WT2k,Test
rwRJfwwYYR9pRq,26b5WT2k,Test
rwRJfwwYYR9pRq,26b5WT2k,Test
rwRJfwwYYR9pRq,26b5WT2k,Test
rwRJfwwYYR9pRq,26b5WT2k,Test
rwRJfwwYYR9pRq,26b5WT2k,Test
rwRJfwwYYR9pRq,26b5WT2k,Test
rwRJfwwYYR9pRq,26b5WT2k,Test
rwRJfwwYYR9pRq,26b5WT2k,Test
rwRJfwwYYR9pRq,26b5WT2k,Test
rwRJfwwYYR9pRq,26b5WT2k,Test
rwRJfwwYYR9pRq,26b5WT2k,Test
rwRJfwwYYR9pRq,26b5WT2k,Test
rwRJfwwYYR9pRq,26b5WT2k,Test
rwRJfwwYYR9pRq,26b5WT2k,Test
rwRJfwwYYR9pRq,26b5WT2k,Test
rwRJfwwYYR9pRq,26b5WT2k,Test
rwRJfwwYYR9pRq,26b5WT2k,Test
rwRJfwwYYR9pRq,26b5WT2k,Test
rwRJfwwYYR9pRq,26b5WT2k,Test
rwRJfwwYYR9pRq,26b5WT2k,Test
rwRJfwwYYR9pRq,26b5WT2k,Test
rwRJfwwYYR9pRq,26b5WT2k,Test
rwRJfwwYYR9pRq,26b5WT2k,Test
rwRJfwwYYR9pRq,26b5WT2k,Test
rwRJfwwYYR9pRq,26b5WT2k,Test
rwRJfwwYYR9pRq,26b5WT2k,Test
rwRJfwwYYR9pRq,26b5WT2k,Test
rwRJfwwYYR9pRq,26b5WT2k,Test
rwRJfwwYYR9pRq,26b5WT2k,Test
rwRJfwwYYR9pRq,26b5WT2k,Test
rwRJfwwYYR9pRq,26b5WT2k,Test
rwRJfwwYYR9pRq,26b5WT2k,Test
rwRJfwwYYR9pRq,26b5WT2k,Test
rwRJfwwYYR9pRq,26b5WT2k,Test
rwRJfwwYYR9pRq,26b5WT2k,Test
rwRJfwwYYR9pRq,26b5WT2k,Test
rwRJfwwYYR9pRq,26b5WT2k,Test
rwRJfwwYYR9pRq,26b5WT2k,Test
rwRJfwwYYR9pRq,26b5WT2k,Test
rwRJfwwYYR9pRq,26b5WT2k,Test
rwRJfwwYYR9pRq,26b5WT2k,Test
rwRJfwwYYR9pRq,26b5WT2k,Test
rwRJfwwYYR9pRq,26b5WT2k,Test
rwRJfwwYYR9pRq,26b5WT2k,Test
